Area,ShopName,Address
경기도,화성남양시장점,경기 화성시 남양읍 남양성지로 139-1
대구광역시,대구수성3가점,대구 수성구 수성동3가 72-1
전라북도,전주대자인병원점,전주시 덕진구 우아동3가749-63
인천광역시,인천아인여성병원점,인천광역시 미추홀구 주안동 포레나미추홀 201동 1층 1032호
서울특별시,월곡두산위브점,서울시 성북구 오패산로 46
인천광역시,인천검암우체국점,인천광역시 서구 승학로 414
전라남도,나주영산포점,전남 나주시 이창1길 10-1
부산광역시,부산명륜점,부산 동래구 명륜로 187번길 8 (명륜동 696-110)
광주광역시,광주주월골드점,광주 광역시 남구 주월동 1328
경기도,분당수내역1번출구점,경기 성남시 분당구 황새울로258번길 32
전라남도,목포여객터미널점,목포시 해안로 189-1
충청남도,빽다방 빵연구소 천안용곡DT점,천안시 동남구 용곡동 546-6 
서울특별시,구의중앙점,서울시 광진구 구의로6
대전광역시,대전낭월점,대전 동구 산내로1305번길 6
전라북도,전북완주첨단점,전라북도 완주군 봉동읍 둔산리 900-1
부산광역시,부산명지국제타워점,부산 강서구 명지국제8로 251 (명지동 3358-1) 
대전광역시,대전수정타운점,대전 서구 청사로 282 수정상가 1층
전라북도,전주서부시장점,전라북도 전주시 완산구 용머리로149(힐스테이트어울림효자 상가1층 104호)
서울특별시,난곡세이브점,서울 관악구 신림동 726-7( 난곡로 217) 1
대전광역시,대전둔산초점,대전 서구 둔산남로 41
서울특별시,419사거리점,서울 강북구 수유동 279-84
서울특별시,공존점,서울 구로구 새말로 97 (구로동 신도림테크노마트) 34층
제주도,서귀포동홍중앙점,제주특별자치도 서귀포시 동홍동 96-4 1층
경기도,다산새봄점,경기도 남양주시 다산순환로 418 (1층 104호)
서울특별시,가산로데오점,서울 금천구 가산동 60-51(디지털로 200) 가산IT타워 1층
전라남도,철원와수리점,전남 무안군 강원도 철원군 서면 와수로 175
경기도,평택동삭대림점,경기도 평택시 모산1길 81 103호
인천광역시,인천관교한신점,인천 미추홀구 주안동 1525번지  1층
서울특별시,종로두산위브점,서울 종로구 수송동 58
경상남도,양산세무서점,경남 양산시 물금읍 서들로 138 나래스타상가 105호 (가촌리 1301-4)
전라남도,전남나주중앙점,전라남도 나주시 나주로173 1층
서울특별시,하계을지병원점,서울 노원구 하계동 179-25 1층
충청남도,천안성정주공5단지점,충남 천안시 서북구 성정로 72
서울특별시,마포시민공원점,서울 마포구 망원동 419-3(망원로 19)참존아파트상가 105호
서울특별시,월계인덕대점,서울 노원구 월계로 334 102호
경기도,기흥역점,경기 용인시 기흥구 기흥역로 58번길 10
경기도,수원매교힐스테이트점,경기 수원시 팔달구 효원로93번길 33 2동 107호
경기도,안산서울예대점,안산시 단원구 고잔동 646  1층
경기도,파주봉서농협점,경기 파주시 파주읍 봉서리 828-5(통일로 1541)
전라남도,목포중흥S클래스점,전라남도 목포시 비파로 96 (상동) 110호
서울특별시,뚝섬상원길점,서울 성동구 상원길 50
세종특별자치시,세종고운남측점,세종특별시 고운동 1720 103호(세종시 마음로 70)
전라북도,삼례우석대점,전라북도 완주군 삼례읍 동학로 116
충청북도,청주방서점,충청북도 청주시 상당구 단재로 316 1층
경기도,화성반월반달마을점,경기 화성시 영통로26번길 15
서울특별시,잠실레이크팰리스점,서울 송파구 석촌호수로 144
대구광역시,대구칠성하늘채점,대구 북구 칠성동2가 723
서울특별시,이태원경리단길점,서울 용산구 회나무로13길 5
전라남도,전남무안읍점,전남 무안군 무안읍 하마로15 상가동 102호
경기도,안산고잔역점,경기 안산시 단원구 광덕4로 102 신원프라자 1층 116호
충청남도,천안입장점,충청남도 천안시 서북구 입장면 하장4길 2 (하장리 45-27) 12층
대전광역시,대전문화점,대전 문화동 571-1 1층
부산광역시,부산북구빙산센터점,부산 북구 금곡대로 48 (덕천동 310-10)
인천광역시,인천논현에코점,인천 광역시 남동구 논현동 768-1
경기도,여주중앙점,경기 여주시 세종로 17-1
경기도,수원고색산업단지점,경기소 수원시 권선구 산업로 180 104호 (고색동 DH테크타워)
서울특별시,삼양시장점,서울 강북구 미아동 867-118
충청남도,보령동대점,충청남도 보령시 작은오랏4길 15-22
충청북도,청주용암현대점,충북 청주시 상당구 월평로184번길 147  
대구광역시,대구범물시티월드점,대구 수성구 지범로 183
대전광역시,대전장대점,대전 유성구 장대동 352-10
서울특별시,장안현대홈타운점,서울 동대문구 장안벚꽃로 107 (장안동 장안현대홈타운) 1층 109호
경기도,평택고덕로데오점,경기 평택시 고덕갈평6길 27 (고덕동) 121호
인천광역시,인천검단블루텍점,인천광역시 서구 오류동 1657-2 (1층 110호)
서울특별시,가좌역점,서울 서대문구 수색로2길 39 (남가좌동 DMC금호리첸시아) 1층 106호
강원도,강릉주문진점,강원도 강릉시 주문진읍 항구로 65 1층
인천광역시,백운현대점,인천 부평구 경원대로 1238 이화빌딩 1층
서울특별시,목동41타워점,서울시 양천구 목동동로 293 1층 1-10호(목동 현대41타워)
서울특별시,논현영동시장점,서울 강남구 논현동 164-11(강남대로 506) 1층 109호
경기도,구리인창점,경기 구리시 인창동 412-12 (건원대로91)
대구광역시,대구내당점,대구 서구 내당동 219-15번지 1층
전라북도,익산부송오투점,익산 부송동 216-84 101호/102호
경기도,남양주사능점,경기 남양주시 진건읍 용정리 768-7(사릉로442번길 25) 1층 101호
서울특별시,천호힐데스하임점,서울 강동구 올림픽로 78길 30 (천호동 437-5) 힐데스하임천호 근생 8 9호
전라북도,전주에코세병호점,전라북도 전주시 덕진구 송천동2가 1301-2
대전광역시,대전태평쌍용예가점,대전 중구 평촌로 102 (유천동) 1층
경기도,다산현대캠퍼스몰점,경기도 남양주시 다산동 6143 (다산순환로 20) 1층 E01-22호
경기도,부천옥길호반점,경기도 부천시 옥길동 777-4 서영아너시티 1차 108호
부산광역시,부산사직점,부산 동래구 사직북로 4 자이언츠파크 102호
경기도,일산하이파크시티점,경기 고양시 일산서구 덕이동 1541(하이파크3로78번길) 리더스프라자 101호
대구광역시,대구내당점,대구 서구 내당동 219-15번지 1층
전라북도,익산부송오투점,익산 부송동 216-84 101호/102호
경기도,남양주사능점,경기 남양주시 진건읍 용정리 768-7(사릉로442번길 25) 1층 101호
서울특별시,천호힐데스하임점,서울 강동구 올림픽로 78길 30 (천호동 437-5) 힐데스하임천호 근생 8 9호
전라북도,전주에코세병호점,전라북도 전주시 덕진구 송천동2가 1301-2
대전광역시,대전태평쌍용예가점,대전 중구 평촌로 102 (유천동) 1층
경기도,다산현대캠퍼스몰점,경기도 남양주시 다산동 6143 (다산순환로 20) 1층 E01-22호
경기도,부천옥길호반점,경기도 부천시 옥길동 777-4 서영아너시티 1차 108호
부산광역시,부산사직점,부산 동래구 사직북로 4 자이언츠파크 102호
경기도,일산하이파크시티점,경기 고양시 일산서구 덕이동 1541(하이파크3로78번길) 리더스프라자 101호
경기도,수원곡반정동점,경기 수원시 권선구 곡반정로65번길 25
광주광역시,광주학운점,광주광역시 동구 학동 276-11
경기도,평택동삭센트럴파크점,경기 평택시 지제동삭2로 181-36
대구광역시,대구칠곡학정점,대구 북구 학정동 941-5
서울특별시,빽다방 빵연구소 연세대SK국제학사점,신촌동 134 (연세로 50) 연세대학교 신촌캠퍼스 sk국제학사 지하2층
서울특별시,등촌성당점,서울시 강서구 공항대로 41길 51 1층 101호 102호
대구광역시,대구봉무공원점,대구 동구 팔공로 242-13 (봉무동 연세메디컬센터) 1층 109호
세종특별자치시,세종한뜰마을4단지점,세종시 어진동 520 한신더휴리저브2 111호112호
인천광역시,인천검단파라곤점,인천광역시 서구 이음2로 29 (상가 603동 306호)
강원도,강원횡성점,강원 횡성군 문정로 19번길 4
인천광역시,빽다방 빵연구소 송도트리플타워점,인천 연수구 송도과학로28번길 8 108109호
대전광역시,대전한밭대점,대전광역시 유성구 학하서로121번길 45-2 1층
제주도,제주함덕점,제주도 제주시 조함해안로 450 (2~4층)
전라북도,전주용소점,전북 전주시 덕진구 시천로 17 1층 (107호)
대구광역시,대구매천시장점,대구시 북구 매천동 306번지 1층
경기도,광명G타워점,경기도 광명시 소하로 190 1층 G타워
강원도,춘천온의점,강원도 춘천시 춘천로 17번길 31 (더스위트캐슬 107호-108호 1층)
경기도,남양주2청사점,경기 남양주시 다산동 3073-1(다산지금로16번길 43) 1층 106호
서울특별시,고덕역점,서울 강동구 동남로75길 13-7
충청남도,천안신안점,충청남도 천안시 동남구 충절로 21 1층
제주도,제주삼도일동점,제주특별자치도 제주시 삼도일동 788-1 1층
전라북도,전주서곡,전북 전주시 완산구 세내로544 1층
전라남도,목포용해이로점,전남 목포시 용해동 234-7
강원도,강원양양점,강원 양양군 양양읍 양양로 57 (남문리) 1층
경기도,오산세마역점,경기 오산시 세마역로 95
경기도,동탄카림3차점,경기도 화성시 동탄순환대로12길 85 제3653동 제지1층 제비108호109호 (산척동 그린힐 반도유보라 아이비파크 10)
경기도,부천상동하얀마을점,경기도 부천시 상동 556-3번지 1층
인천광역시,운서영종대로점,인천광역시 중구 운서동 3098-1 1층
경기도,포천신읍점,경기도 포천시 신읍동 35-6 (중앙로 103)
제주도,제주화북남문점,제주도 제주시 화북1동 1984-9 1층
경기도,진접롯데시네마점,경기 남양주시 진접읍 해밀예당1로 36
세종특별자치시,조치원신흥점,세종시 조치원읍 신흥리 227-2
전라북도,전주우아한시티점,전라북도 전주시 덕진구 우아동3가 747-81 우아한시티 상가 19호
대전광역시,대전갑천만년점,대전광역시 서구 만년동 6번지 102호
서울특별시,한성대입구역점,서울 성북구 삼선교로 2-1 1층
서울특별시,금천정훈단지점,서울 금천구 독산로 211 (독산동 세진아파트) 1층 101호
강원도,강릉내곡점,강원 강릉시 범일로 631 1층
전라북도,익산동산제일점,전북 익산시 평동로 725 동산동 동산제일2차아파트상가 102호
인천광역시,송도스마트밸리점,인천광역시 연수구 송도동 214 송도 BRC 스마트밸리 지식산업센터 F동 207호(상가동)
경상남도,진주초장점,경남 진주시 초북로 50 (초전동 1699-3) 103호
부산광역시,빽다방 빵연구소 부산미남역점,부산광역시 동래구 우장춘로 7 (온천동 보민빌딩)
강원도,춘천우두택지점,강원도 춘천시 우두동 1118-1  (신축건물 1층 109호)
전라북도,정읍수성점,전북 정읍시 수성로 40
인천광역시,주안센트레빌점,인천광역시 미추홀구 주안동 22-14 1층 101호+102호
경기도,분당정자역점,경기 성남시 분당구 성남대로 331번길 131층 108호
인천광역시,인천산곡푸르지오점,인천광역시 부평구 산곡동 124-25
대구광역시,대구복현네거리점,대구광역시 북구 복현동 364-1 B동 1층 빽다방
인천광역시,영종운서스카이점,인천광역시 중구 흰바위로 284 디딤돌프라자 1층 (103호)
전라남도,전남함평점,전남 함평군 함평읍 기각리 1001-5
대구광역시,대구공평네거리점,대구 중구 공평로 71 1층
충청남도,서산테크노밸리점,충청남도 서산시 성연면 성연4로 27-28
경기도,다산테라타워점,경기 남양주시 다산동 6250(다산지금로 202) 1층 129호
대전광역시,대전법동점,대전 대덕구 법동 282-7 1층
강원도,철원동송점,강원 철원군 동송읍 이평리 680-93
경기도,파주LCD점,경기 파주시 월롱면 덕은리 1250-2(엘씨디로241번길 8-16) 102호
서울특별시,마곡리더스타워점,서울 강서구 마곡동 800-5(공항대로 228) 리더스타워 1층 111호
경기도,동탄서영아너시티점,경기 화성시 동탄영천로 101 132~133호
전라북도,전주사대부고점,전라북도 전주시 덕진구 백제대로639 1층 뺵다방
충청남도,아산호서대점,충남 아산시 배방읍 호서로79번길 15
경기도,수원호매실칠보점,경기 수원시 권선구 금호로 56 1층 102호
대전광역시,대전스마트시티점,대전 유성구 도룡동 4-8  1층 120호
경기도,안산반월공단점,경기도 안산시 단원구 산단로 296  대우테크노피아 1층 제에이106호
서울특별시,부산지사동점,부산광역시 강서구 과학산단2로 20번길 6 (지사동 1196-2)
경상북도,경북성주점,경상북도 성주군 성주읍 성주로3283 M타워 1층 빽다방
충청북도,충북대병원점,충북 청주시 서원구 개신동 52-3 1층
인천광역시,인천당하점,인천 서구 청마로167번길 3
제주도,제주평화로SK점,제주특별자치도 제주시 해안동 2171 1층
대전광역시,대전유성도안점,대전 유성구 도안대로 512-16  (1층 104호)
경기도,시흥목감조남점,경기 시흥시 조남동 657 키움프라자 111호 1층
서울특별시,마곡수명산점,서울 강서구 내발산동 750-12 (웨스턴빌딩 1층 103호)
대전광역시,대전유성센트럴점,대전 유성구 계룡로 132번길 10   센트럴프라자 1층 105호
충청남도,천안백석대점,충남 천안시 동남구 문암로 80 1층
전라남도,순천왕지점,전남 순천시 조례동 1833-5
경기도,동탄역시범단지점,경기도 화성시 청계동 514-2 서진프라자 105호
서울특별시,강서구청점,서울특별시 강서구 화곡로 318-1 1층
서울특별시,목동8단지점,서울 양천구 신정동 318-5 1층
서울특별시,길음롯데클라시아점,서울 성북구 길음동 508-16 롯데캐슬클라시아 상가동 117호
제주도,서귀포성읍마을점,제주특별자치도 서귀포시 표선면 성읍리 987-3 1층
서울특별시,숙대입구역점,서울 용산구 갈월동 90-10
충청남도,아산탕정역점,충남 아산시 탕정면 한들물빛도시로 70 109호
경기도,성남도촌점,경기 성남시 중원구 도촌남로 27 (도촌동 566 114호)
강원도,속초부영점,강원 속초시 청대로 204번길 39 1층
경기도,시흥배곧호반써밋점,경기 시흥시 배곧동 228-3
충청남도,천안두정대림포레점,충남 천안시 서북구 두정동 북일로 21 단지내 상가 103호
부산광역시,부산정관행복타운점,부산광역시 기장군 정관읍 정관1로 18 이지1차상가 125동 104호
경기도,병점역점,경기도 화성시 떡전골로 96-4 1층
경기도,수원파장점,경기 수원시 장안구 파장로 62
경기도,연천역점,경기도 연천군 연천읍 연천로260번길 11 1층
경기도,안산월피공원점,경기도 안산시 상록구 예술광장로 11 1층 101호
강원도,춘천후평점,강원 춘천시 후석로 280
인천광역시,주안북부역점,인천 미추홀구 주안동 25-65  (5호6호)
인천광역시,부평동아점,인천 부평구 부평문화로 55 (부평동 와이디타워) 1층 102호
제주도,빽다방 빵연구소 제주합동청사점,제주도 제주시 도남동 663-12
경기도,시흥능곡장현점,경기 시흥시 능곡번영길 25
서울특별시,개롱역점,서울 송파구 가락동 166-2 에스케이허브파크 113호
강원도,원주간현점,강원도 원주시 지정면 소금산길 22 1층
광주광역시,광주하남점,광주 광산구 사암로 216번길 30
서울특별시,상계보람점,서울 노원구 상계동 456-129
충청남도,충남부여점,충남 부여군 부여읍 석탑로 53 1층
서울특별시,장안뉴시티점,서울 동대문구 장한로 105 (장안동 장안 NEW CITY) 1층
대전광역시,대전지족점,대전 유성구 지족로 374 옥타브상가 B동 1층
대전광역시,대전탄방역점,대전 서구 계룡로553번길 18 (탄방동 조이빌딩) 1층
대전광역시,대전송강동,대전 유성구 봉산로 24 1층
인천광역시,송도닥터플러스몰점,인천광역시 연수구 컨벤시아대로 230번길 54
인천광역시,가정역SK리더스뷰점,인천 서구 가정로 437 (가정동 루원시티 SK Leaders VIEW) 302동 B231호
서울특별시,고대구로병원점,서울 구로구 구로동 730-60(구로동로 138)
전라북도,군산조촌디오션점,전북 군산시 궁포3로 12 1층 103호
충청남도,아산탕정예미지점,충남 아산시 탕정면 매곡한들5길 6-4
전라북도,전주호성점,전라북도 전주시 덕진구 호성동1가 828-14
인천광역시,인천구월정각초점,인천 남동구 구월동 1241-1
인천광역시,영종하늘달빛점,인천 중구 하늘달빛로 94 (중산동) 1층 120호
전라남도,전남영광읍점,전남 영광군 영광읍 중앙로 166
경기도,수원매탄위브점,경기 수원시 영통구 인계로 220번길 10
전라북도,정읍중앙점,전라북도 정읍시 수성동 571-11
경기도,안양메가트리아점,경기도 안양시 만안구 태평로 60번길 42 1층
경기도,동탄프리미엄아울렛점,경기 화성시 동탄기흥로257번가길 30-2
경기도,안양대림대앞점,경기 안양시 동안구 비산로 57 107호
경상북도,경주보문점,경북 경주시 보문로 549 (천군동) 1층 107호
경기도,범계에이스점,경기 안양시 동인구 시민대로109번길 29 1층 118호
경기도,성남상대원센터M점,경기 성남시 중원구 사기막골로62번길 33
강원도,원주기업도시점,강원도 원주시 지정면 신지정로 322-1 110호
경기도,평택현촌점,경기도 평택시 현촌 4길 6
서울특별시,영등포시장역점,서울 영등포구 국회대로50길 20 포레나영등포센트럴 상가동 117호
대전광역시,대전아이파크시티점,대전 유성구 상대복용로29번길 52 (아이파크시티 1단지 상가동 1층 35호 + 36호)
세종특별자치시,세종첫마을점,세종특별자치시 나성동 715 112호
경기도,오산고인돌공원점,경기 오산시 문헌공로 3 1층
전라남도,순천연향3지구점,전라남도 순천시 연향동 1686-2 1층 빽다방
경상북도,경산사동점,경북 경산시 사동 31번지 102호
강원도,원주건강보험공단점,강원도 원주시 반곡동 1913-7 가든식스.(1층 102호103호)
경상북도,경북고령다산점,경북 고령군 다산면 평리6길 8
서울특별시,가산AP타워점,서울 금천구 가산동 673(가산디지털1로 16) 가산skv1ap타워 105호
경기도,평택시청점,경기 평택시 평남로 702 1층
경상남도,진주혁신점,경상남도 진주시 충무공동 282-3 동행빌딩 105호
전라남도,전남장성점,전라남도 장성군 장성읍 영천리 1038-5 1층
부산광역시,부산남구청점,부산광역시 남구 대연동 1766-10 ( 못골로 24-1 )
충청남도,아산온중로점,충남 아산시 온중로 47 1동 101호
서울특별시,가산그레이트점,서울 금천구 가산동 60-5 갑을그레이트밸리 105호
전라북도,완주봉동점,전라북도 완주군 봉동읍 장기리 216-6 1층
경기도,의정부발곡역점,경기 의정부시 장암동 20-14 1층
충청남도,천안성거점,충청남도 천안시 서북구 성거읍 성거길 107 1층
경기도,수원호매실능실점,경기 수원시 권선구 호매실로104번길 24-76
제주도,제주도남점,제주특별자치도 제주시 도남동 920-23
대구광역시,대구현풍테크노중리점,대구 달성군 현풍읍 테크노상업로 48
제주도,빽다방 빵연구소 제주연동점,제주시 연동 256-2 1층
강원도,원주흥업점,강원도 원주시 흥업면 흥업리 1830-3 1층
경기도,미사센트럴자이점,경기 하남시 풍산동 504(미사강변대로 84) 미사탑프라자 106호
충청남도,천안신방성지점,충청남도 천안시 동남구 서부대로 268 104~105호
경기도,성남상대원금상점,경기 성남시 중원구 금상로96번길 2 1층 104호
전라북도,전주인후점,전북 전주시 덕진구 인후동 1가 846-6 101호
대전광역시,대전비래점,대전 대덕구 비래동로15번길 2
경기도,안양예술공원점,경기 안양시 만안구 안양동 1327(예술공원로 138)
경기도,오산세교금암점,경기 오산시 수청로 199 1층
대구광역시,대구칠곡팔거역점,대구 북구 팔거천동로 222 102호
경상남도,밀양미리벌점,경상남도 밀양시 삼문동 719-7 (미리벌 중앙로 46)
전라남도,광양마동점,전남 광양시 마동 1053-5
광주광역시,광주첨단재활병원점,광주광역시 광산구 쌍암동 666-2 104호
서울특별시,용마산역점,서울시 중랑구 면목로 27길 4 (면목동 372-21)
전라남도,목포상동점,전라남도 목포시 옥암로 182 1층​
강원도,강릉유천점,강원 강릉시 선수촌로 79-7 102호
경기도,수원정자시장점,경기 수원시 장안구 수성로 261번길 6
강원도,강릉포남점,강원 강릉시 포남동 1186-1 1층
경상남도,진주경상대후문점,경상남도 진주시 가좌동 868-25 (가좌길 17-1)
경기도,안성아양점,경기도 안성시 옥산동 598(안성시 아양1로 77-10) 해천프라자 1동 103호
서울특별시,신림대학점,서울 관악구 신림로23길 21 (신림동 웰탑스터디독서실) 1층
부산광역시,부산광안하버뷰점,부산광역시 수영구 민락수변로 49 광안KCC스위첸하버뷰 104호
부산광역시,부산금정구청점,부산광역시 금정구 부곡동 64-34 티아이더코어 101호
대전광역시,대전노은3동점,대전 유성구 지족동 1025-1 1층106호
경기도,수원곡선하늘채점,경기 수원시 권선구 곡반정로 151 1층
경상북도,경주대릉원점,경북 경주시 황남동192-4
서울특별시,수유시장점,서울 강북구 도봉로67길 8
충청남도,천안신부동아점,충남 천안시 동남구 터미널9길 25
경기도,평택법원점,경기 평택시 평남로 1039 105호
서울특별시,석촌역점,서울 송파구 송파동 19-8  1층
서울특별시,안국역점,서울 종로구 율곡로 63 (재동) 1층
경기도,지축역점,경기 고양시 덕양구 지축1로 39 지축프라자 104호
전라북도,군산시청점,전북 군산시 조촌4길 15 (조촌동) 1층
서울특별시,태릉입구역점,서울 노원구 동일로 986 104호
전라남도,순천금당점,전남 순천시 해룡면 장선배기길 141 1층 104호
서울특별시,서대문경희궁점,서울 종로구 경교장길 35 (평동 경희궁자이 3단지) 1층 3135호
대전광역시,대전갈마점,대전광역시 서구 신갈마로 110-1(갈마동)
서울특별시,창동역서부점,서울 도봉구 노해로63다길 10
경기도,부천도당산업단지점,경기 부천시 도당동 160-8
대구광역시,대구효목점,대구 동구 효목로 35
대전광역시,대전둔산청솔점,대전 서구 둔산로 216 (1층 빽다방 )
전라북도,전주아중점,전라북도 전주시 덕진구 아중로 175 102호
서울특별시,문정역점,서울 송파구 문정동 643-1(법원로 114)
경기도,삼송스칸센점,경기 고양시 덕양구 삼송로 240(삼송동 294) 힐스테이트삼송역스칸센 A동 124호
서울특별시,번동초교점,서울 강북구 번동 310-4 1층
경기도,화성병점2동점,경기도 화성시 병점2로 65
전라남도,여수학동e편한점,전라남도 여수시 학동 1번지 일원 A동 102호
광주광역시,광주양산중앙점,광주광역시 북구 양산로 43
인천광역시,남인천세무서점,인천광역시 남동구 인하로 545 (구월동) 인택스빌딩 1층 108호
울산광역시,울산서부점,울산광역시 동구 방어진순환도로 925
서울특별시,구로이앤씨6차점,서울특별시 구로구 디지털로31길 41 (구로동 이앤씨벤처드림타워6차) 1층 108호
경기도,광명일직점,경기도 광명시 일직동 510-7
대전광역시,대전맑은아침점,대전광역시 서구 내동 17-11 1층 111~112호
서울특별시,상계역점,서울특별시 노원구 중계동 606 1층 105호
세종특별자치시,세종반곡점,세종특별자치시 한누리대로 1828108호
서울특별시,건대동문회관점,서울특별시 광진구 아차산로36길 5
서울특별시,정릉뉴타운점,서울특별시 성북구 길음로9길 50 지2층8호 (길음동 1286외2필지 길음뉴타운 상가동 208호)
경기도,용인마북점,경기도 용인시 기흥구 마북로 159 1층 115호
충청남도,천안불당쌍용점,충청남도 천안시 서북구 불당11로 99 1층
대전광역시,대전유성구청점,대전광역시 유성구 어은동 110 동천빌딩 1층
경기도,구리수택점,경기도 구리시 수택동 847-7(체육관로80번길 9) 1층
경기도,풍산역점,경기도 고양시 일산동구 중산동 1806 103호
제주도,제주애월좋은마트점,제주특별자치도 제주시 애월읍 신엄리 2489-5
충청남도,천안터미널점,충청남도 천안시 동남구 만남로 15 (신부동 민현빌딩)
경상북도,경북상주홈마트점,경상북도 상주시 삼백로 144 1층
서울특별시,신당역점,서울특별시 중구 퇴계로 423 (황학동)
경기도,안산본오2동점,경기도 안산시 상록구 각골로 68 (본오동) 1층
세종특별자치시,세종종촌점,세종특별자치시 종촌동 658 104호
전라북도,전주효자안행교점,전라북도 전주시 완산구 효자동1가 281-3 1층
경상남도,빽다방 빵연구소 김해삼계한라비발디점,경상남도 김해시 삼계동 634
대전광역시,대전용두선화점,대전광역시 중구 중앙로 23-17 1층 상가 111호
대구광역시,대구대신자이점,대구광역시 중구 달구벌대로 1955 상가302동 1층 빽다방
경상북도,경산삼성현공원점,경상북도 경산시 남산면 인흥리 363-15
대구광역시,대구방촌상명점,대구광역시 동구 화랑로 383
서울특별시,가산SKV1점,서울특별시 금천구 가산디지털1로 171 skv1센터 102호
인천광역시,송도아트포레점,인천 연수구 송도동 84-2 A동 1층 111호
경기도,광명소하점,경기도 광명시 소하로 81
경기도,부천시청역점,경기 부천시 길주로 221 시티오피스 1층 102호
서울특별시,북서울꿈의숲점,서울특별시 성북구 돌곶이로 220 코오롱하늘채아파트 상가 104동 106호
전라북도,군산대점,전라북도 군산시 황룡로 9
경기도,회룡역점,경기도 의정부시 호원동 51-2
경기도,광교에듀타운점,경기도 수원시 영통구 이의동 1347-3 에듀프라자 111호
충청남도,충남계룡엄사점,충청남도 계룡시 엄사면 번영로 26
경기도,수원아이파크시티점,경기도 수원시 권선구 동수원로 177번길 40 1층 108호
서울특별시,숭실대점,서울특별시 동작구 상도동 501(사당로 10) 지하1층
세종특별자치시,세종다정점,세종특별자치시 다정동 944 1층
충청북도,청주율량9단지점,충청북도 청주시 청원구 율량동 2411 1층
경기도,부천시청역점,경기 부천시 길주로 221 시티오피스 1층 102호
서울특별시,북서울꿈의숲점,서울특별시 성북구 돌곶이로 220 코오롱하늘채아파트 상가 104동 106호
전라북도,군산대점,전라북도 군산시 황룡로 9
경기도,회룡역점,경기도 의정부시 호원동 51-2
경기도,광교에듀타운점,경기도 수원시 영통구 이의동 1347-3 에듀프라자 111호
충청남도,충남계룡엄사점,충청남도 계룡시 엄사면 번영로 26
경기도,수원아이파크시티점,경기도 수원시 권선구 동수원로 177번길 40 1층 108호
서울특별시,숭실대점,서울특별시 동작구 상도동 501(사당로 10) 지하1층
세종특별자치시,세종다정점,세종특별자치시 다정동 944 1층
충청북도,청주율량9단지점,충청북도 청주시 청원구 율량동 2411 1층
경기도,광명새마을시장점,경기도 광명시 광명동 342-5 1층
서울특별시,양평중흥S클래스점,서울특별시 영등포구 선유서로24길 6 (양평동1가 영등포 중흥 S-CLASS) 1층 106호
전라남도,해남군청점,전라남도 해남군 해남읍 성내리 21-1
경기도,수원화서시장점,경기도 수원시 팔달구 동말로 53
제주도,제주일도동문점,제주특별자치도 제주시 일도일동 1047-1 1층
충청남도,천안병천점,충청남도 천안시 동남구 병천면 아우내순대길 9
서울특별시,보광점,서울특별시 용산구 보광로 47 1층 (보광동)
경기도,부천괴안점,경기도 부천시 괴안동 88-12
전라북도,전주반월점,전라북도 전주시 혁신로 697 108호
인천광역시,인천만수역점,인천광역시 남동구 구월로 366 (만수동) 1층
서울특별시,중화역점,서울특별시 중랑구 봉화산로 39 1층 101호
인천광역시,청라로제비앙점,인천 서구 청라동 36-30 엔타원 1층 (101호)
서울특별시,동양미래대점,서울특별시 구로구 고척동 76-181 1층 101호
서울특별시,공릉역점,서울특별시 노원구 공릉동 395-8
경기도,이천하이닉스점,경기도 이천시 부발읍 경충대로 2100
전라북도,전주만성지구점,전라북도 전주시 덕진구 만성동 1262-5
서울특별시,개봉역북부점,서울특별시 구로구 경인로40길 41(개봉동 181-6)
경기도,시흥매화점,경기도 시흥시 매화로 46
경상북도,영천완산점,경상북도 영천시 시장로 53
경기도,안산역점,경기도 안산시 원곡동 798-6
경기도,봉담동화마을점,경기도 화성시 봉담읍 동화길 81-10 104호
충청북도,청주복대사거리점,충청북도 청주시 흥덕구 복대로 173
경기도,안양충훈부점,경기도 안양시 만안구 석수동 785-16(충훈로 89) 1층 101호
울산광역시,울산타임스퀘어점,울산광역시 남구 야음동 789-14 울산타임스퀘어 121호
경기도,안산본오신안점,경기도 안산시 상록구 본오동 871-6 성문빌딩 1층
전라북도,전주삼천흥건점,전라북도 전주시 삼천동 1가 300-3
전라북도,빽다방 빵연구소 전주평화점,전라북도 전주시 완산구 평화로 210
경기도,수원조원시장점,경기도 수원시 장안구 조원로 88
경기도,의정부가능역점,경기도 의정부시 평화로 633-3(의정부동 236-9)
경기도,동탄호수공원점,경기도 화성시 동탄순환대로 127-5
경기도,동탄역아이비파크점,경기도 화성시 동탄광역환승로 73
충청북도,충북보은점,충청북도 보은군 보은읍 보은로 105
서울특별시,연희삼거리점,서울특별시 서대문구 연희동 135-5(연희로 118)
인천광역시,인천연안부두점,인천광역시 중구 항동7가 27-138 102호 103호 111호 112호
충청남도,아산배방연화점,충청남도 아산시 배방읍 용연로 91
경상남도,진주평거점,경상남도 진주시 순환로 539
충청남도,천안차암점,충청남도 천안시 서북구 3공단6로 58-8 102호
대구광역시,대구상인화성파크점,대구광역시 달서구 상인동 1596
대구광역시,대구북구서변점,대구광역시 북구 서변동 1787 (호국로 215)
인천광역시,인천선학역점,인천광역시 연수구 학나래로118번길 47
세종특별자치시,세종소담점,세종특별자치시 한누리대로 2016번지 1층
경기도,안양석수중앙점,경기도 안양시 만안구 안양로 483(석수동 319-1)
서울특별시,중계씨앤미점,서울특별시 노원구 중계동 509-1
충청남도,천안불당호반점,충청남도 천안시 불당 34길 3-17 1층
서울특별시,돈암점,서울특별시 성북구 동선동4가 98-2
인천광역시,인천서운산업단지점,인천광역시 계양구 서운산단로 3길 4 sb타워 107호
경기도,하남미사역점,경기도 하남시 미사강변동로 85(망월동1106) 힐스테이트 에코 미사 111호
대전광역시,대전용운에코포레점,대전광역시 동구 용운동 297 1층
경기도,동탄영천K밸리점,경기도 화성시 동탄첨단산업1로 14 동탄케이밸리 1층 112호
충청북도,충북혁신도시진천점,충청북도 진천군 덕산읍 시가로 14
충청북도,청주테크노폴리스점,충청북도 청주시 흥덕구 송화로184번길 4 102호
서울특별시,강남역CGV점,서울특별시 강남구 테헤란로1길 48
제주도,제주봉개DT점,제주특별자치도 제주시 봉개동 598
경기도,별내파라곤스퀘어점,경기도 남양주시 별내동 975-4 별내파라곤스퀘어 1층 C112호
경상북도,경북고령중앙점,경상북도 고령군 대가야읍 중앙로 13-1 (구. 헌문리234번지)
제주도,제주연동긱스타빽다방점,제주특별자치도 제주시 연동13길 3(연동진선엘트빌) 1층
충청남도,충남금산점,충청남도 금산군 금산읍 비단로 319
전라북도,전주효자LH점,전라북도 전주시 완산구 효자동2가 1332-1
인천광역시,인천갈산점,인천광역시 부평구 주부토로249번지 17 부평지웰에스테이트 171동 1층 122호
제주도,서귀포하원점,제주특별자치도 서귀포시 일주서로 443
서울특별시,마곡역류마타워점,서울특별시 강서구 마곡동 798-2(공항대로 164) 류마타워 105호
전라북도,전주본병원점,전라북도 전주시 완산구 서신동 855-3
대전광역시,대전보건대점,대전광역시 동구 가양동 88-1 조일아파트상가 A동 2호
서울특별시,뚝섬역점,서울특별시 성동구 성수동1가 14-51
서울특별시,마곡역로뎀타워점,서울특별시 강서구 마곡동 799-1 로뎀타워1층 127호
서울특별시,석촌고분역점,서울특별시 송파구 삼전동 101-9 (백제고분로 257)
인천광역시,송도랜드마크시티점,인천광역시 연수구 랜드마크로 68 1층 40호
대구광역시,대구알파시티점,대구광역시 수성구 시지동 584-1
광주광역시,광주소촌점,광주광역시 광산구 소촌로 147 1층 109호
경기도,부천U1센터점,경기도 부천시 조마루로385번길 92 1층 116호(원미동)
서울특별시,삼양동사거리점,서울특별시 강북구 삼양로 169 (미아동)
경기도,옥정다올스퀘어점,경기도 양주시 옥정동 1049-4( 옥정로 139) 다올스퀘어빌딩 1층 109호
서울특별시,봉화산역점,서울특별시 중랑구 신내로 211
경기도,수원북문점,경기도 수원시 장안구 정조로 933번길 3 1층
서울특별시,구일역점,서울특별시 구로구 구일로 8길 56 구일프라자 1층 102호(구로동)
전라남도,전남광양덕례점,전라남도 광양시 덕례리 1773-6
서울특별시,거여역점,서울특별시 송파구 거여동 27-5 1층
대구광역시,대구연경점,대구광역시 북구 연경동 960-1
광주광역시,광주진월금당점,광주광역시 남구 금당로 12-1
인천광역시,송도캐슬파크점,인천광역시 연수구 송도동 8-20 번지
경기도,성남상대원시장점,경기도 성남시 중원구 희망로 338
충청남도,천안목천점,충청남도 천안시 동남구 목천읍 충절로 896
제주도,신서귀포점,제주도 서귀포시 신중로 26-8
광주광역시,광주신창사거리점,광주광역시 광산구 신창동 1220-1
인천광역시,송도더테라스점,인천광역시 연수구 송도동 316번지 147호
세종특별자치시,세종다온주유소점,세종특별자치시 세종로 1328 알뜰주유소
경기도,별내로데오점,경기 남양주시 별내중앙로 54 예스프라자프론티어 1층 104호
경기도,힐스테이트동탄역점,경기도 화성시 영천동 202 힐스테이트 동탄 2차
충청북도,청주개신점,충청북도 청주시 서원구 개신도 628
경상남도,김해율하점,경상남도 김해시 율하3로 45
강원도,태백중앙점,강원도 태백시 황지로 164-1
경기도,용인수지신봉점,경기도 용인시 수지구 신봉2로 3
서울특별시,수락산역점,서울특별시 노원구 상계동 1258 오피앙상가 103호
경상북도,경산펜타힐즈점,경상북도 경산시 중산동 635-1 SM타워 117호
서울특별시,성수뚝도점,서울특별시 성동구 성수동2가 339-23
충청북도,서충주신도시점,충청북도 충주시 중앙탑면 원앙9길 18-3
충청북도,청주동남점,충청북도 청주시 상당구 중고개로141번길 11-1 (101102호)
서울특별시,중곡시장점,서울특별시 광진구 중곡동 192-5(서울 광진구 면목로 145)
충청북도,청주복대점,충청북도 청주시 흥덕구 복대동 2926
인천광역시,청라SK뷰점,인천광역시 서구 옥빛로 4 1층 101호 (청라동)
경기도,용인한숲시티점,경기도 용인시 처인구 남사읍 한숲로 54 (아곡리)
경기도,운정아이파크점,경기도 파주시 심학산로 384 아이파크아파트 상가1동 8호
인천광역시,인천국제성모병원점,인천광역시 서구 탁옥로 104
경상남도,진해자은점,경상남도 창원시 진해구 냉천로 156 B102호
충청남도,천안백석환서점,충청남도 천안시 서북구 한들3로 78-3
대전광역시,대전한민시장점,대전광역시 서구 가장동 61-19
경기도,송산그린시티점,경기도 화성시 수노을중앙로 126 1층 102호 (새솔동)
경기도,일산강선점,경기도 고양시 일산서구 중앙로 1413 (주엽동 106-3)
대전광역시,대전정림점,대전광역시 서구 정림로 62-1
대전광역시,대전복수점,대전 서구 복수동로 40
경기도,일산가좌마을점,경기도 고양시 일산서구 가좌1로 63
전라북도,전주효천지구점,전라북도 전주시 완산구 효자동2가 1359-6
경기도,위례역점,경기도 성남시 수정구 위례서일로 34 성희프라자 103호
경기도,평택포승점,경기도 평택시 포승읍 여술2길 24
경기도,김포사우점,경기도 김포시 사우중로 79 (북변동 825) 1층 103호
대전광역시,대전만년점,대전광역시 서구 둔산대로 117번길 82 그레이스K 2차 1층 101호 (만년동)
대전광역시,대전문지점,대전광역시 유성구 문지동 649-2
충청남도,천안원성점,충청남도 천안시 동남구 버들로 127
인천광역시,작전현대점,인천광역시 계양구 작전동 580번지
충청북도,청주율량사천점,충청북도 청주시 청원구 율봉로 95
제주도,제주법조타워점,제주특별자치도 제주시 남광북1길 1 (이도이동 제주법조타워)
대구광역시,대구침산오페라점,대구광역시 북구 칠성동2가 733
서울특별시,미아역점,서울특별시 강북구 도봉로 190 비전빌딩
광주광역시,광주첨단2지구점,광주광역시 북구 첨단연신로 107번길 15 1층 101호(신용동)
경상남도,경남하동점,경상남도 하동군 하동읍 경서대로 136
대전광역시,대전신성점,대전광역시 유성구 신성남로 61
서울특별시,먹골역점,서울특별시 중랑구 묵동 174-4번지
경기도,성남신구대점,경기도 성남시 중원구 금광동 2399
충청남도,당진기지시점,충청남도 당진시 송악읍 반촌로 70-17
제주도,제주연동사거리점,제주특별자치도 제주시 선덕로1 103호
경기도,수원권선시장점,경기도 수원시 권선구 세권로 184
경상북도,왜관역점,경상북도 칠곡군 왜관읍 중앙로8길 7
경기도,일산풍동점,경기도 고양시 일산동구 숲속마을로 44 102호
전라북도,빽다방 빵연구소 전주기지제호수점,전라북도 전주시 덕진구 중동로 104-16
세종특별자치시,세종어반아트리움점,세종특별자치시 나성북로 30 퍼스트원 105호
충청북도,충북진천점,충청북도 진천군 진천읍 상산로 73 (읍내리)
인천광역시,호구포역점,인천광역시 남동구 논현동 636-1 제일프라자 1층 101호
경상북도,문경모전점,경상북도 문경시 모전로 61
충청남도,빽다방 빵연구소 아산배방월천점,충청남도 아산시 배방읍 월천2길 96
경기도,고양덕은드림점,경기도 고양시 덕양구 으뜸로 124
전라남도,나주혁신점,전라남도 나주시 상야1길 7
경기도,고양신원당점,경기도 고양시 덕양구 고양대로1384번길 7-5 (성사동 서강프라자)
서울특별시,행당무학점,서울특별시 성동구 행당동 317-63
충청남도,아산역점,충청남도 아산시 배방읍 희망로 46번길 19-3
인천광역시,인천원창북항점,인천 서구 원창동 381-68 그리니프라자 104호
충청남도,아산순천향대학교점,충청남도 아산시 신창면 읍내리 582-10
경기도,용인둔전점,경기도 용인시 처인구 포곡읍 둔전리 155-5
경기도,일산위시티점,경기도 고양시 일산동구 식사동 1533(위시티2로11번길 11)
서울특별시,금호금남시장점,서울특별시 성동구 금호동 4가 567
전라북도,전북부안점,전북 부안군 부안읍 번영로 123
제주도,서귀포올레중앙점,제주 서귀포시 중정로61번길 19
인천광역시,갈산역점,인천광역시 부평구 부평대로 293
광주광역시,광주호남대점,광주광역시 광산구 선운로 8
전라북도,군산나운점,전라북도 군산시 나운동 95-17
대구광역시,대구월배점,대구광역시 달서구 대천동 934번지 102호
강원도,강원화천점,강원도 화천군 화천읍 중앙로 9
경상남도,진주역점,경상남도 진주시 관문로 7  율곡스퀘어 프런티어
서울특별시,신용산해링턴점,서울 용산구 서빙고로 17(한강로3가) 해링턴스퀘어 판매시설동 1층 9호
서울특별시,장위뉴타운점,서울 성북구 장월로 140
경기도,안산초지역푸르지오점,경기도 안산시 단원구 화랑로 150(원곡동) 초지역메이저타운 푸르지오-에코상가2동 106호
전라남도,화순광덕점,전라남도 화순군 화순읍 중앙로 93
충청북도,청대사거리점,충청북도 청주시 청원구 직지대로 890
전라북도,전북진안점,전라북도 진안군 진안읍 진무로 1105-1
경상북도,경산진량점,경상북도 경산시 진량읍 공단1로 2(진량읍 신상리)
인천광역시,부평금호점,인천광역시 부평구 원길로 34
경기도,미사스마트밸리점,경기도 하남시 풍산동 490-2(미사강변서로 16) R111호
대전광역시,대전판암역점,대전광역시 동구 옥천로 177
대구광역시,대구동호점,대구광역시 동구 신서동 538-1 동화해오름타운 101동 4호
인천광역시,부평남부역점,인천광역시 부평구 경인로 948
대구광역시,대구용산점,대구광역시 달서구 용산동 935
서울특별시,경복궁역점,서울특별시 종로구 사직로 127 (적선동) 1층~3층
충청남도,아산테크노밸리점,충청남도 아산시 둔포면 석곡리 1671 108호
경상북도,경주로데오점,경상북도 경주시 황오동 204-4
경기도,고양향동점,경기도 고양시 덕양구 향동동 꽃마을로 4
경상북도,김천구미역점,경상북도 김천시 혁신1로 50 율곡스퀘어 ktx 117호
전라남도,여수진남관점,전라남도 여수시 동문로 9
서울특별시,상봉역점,서울특별시 중랑구 상봉동 113-4 102호
서울특별시,송파사거리점,서울시 송파구 가락로 113 금도빌딩 1층
대전광역시,대전도마네거리점,대전광역시 서구 도산로 38
광주광역시,광주일곡점,광주광역시 북구 설죽로 516(광주 북구 일곡동 830-1)
전라남도,목포용당점,전라남도 목포시 영산로 257
전라북도,익산모현점,전라북도 익산시 모현동1가 822
경기도,수원황골마을점,경기도 수원시 영통구 영통로 511
경기도,용인동천점,경기도 용인시 수지구 동천동 887번지 1층 108호
충청남도,서산해미점,충청남도 서산시 해미면 남문2로 123 (읍내리)
충청북도,청주강서점,충청북도 청주시 흥덕구 강서로 115(강서동 481) 1층
전라남도,나주혁신빛가람점,전라남도 나주시 빛가람동 643-1(월정5길 1) 1층 102호
충청남도,홍성내포청사점,충청남도 홍성군 홍북읍 청사로48번길 4
충청북도,충북증평점,충청북도 증평군 증평읍 중동리 16-3 (도로명: 충북 증평군 중앙로 197)
경기도,의정부금오점,경기도 의정부시 금오동 472-5(청사로 47번길 7-24)
경기도,김포감정점,경기도 김포시 중봉로 12
경상남도,진주금산점,경상남도 진주시 금산면 장사리 963-2 금산 청솔빌딩 1동 102호
경상남도,경남함양점,경상남도 함양군 함양읍 용평리 691-3
서울특별시,도봉구민회관점,서울특별시 도봉구 도봉로 551
서울특별시,용답로데오점,서울특별시 성동구 용답중앙15길 18
서울특별시,동묘역점,서울시 종로구 종로334
경기도,군포첨단점,경기도 군포시 번영로 40
서울특별시,홍대거리점,서울특별시 마포구 어울마당로 75
경기도,안성중앙로점,경기도 안성시 중앙로379번길 4
서울특별시,대림역점,서울시 영등포구 도림로 144
서울특별시,석계중앙점,서울 성북구 한천로78길 63
전라남도,목포석현점,전라남도 목포시 영산로 626
경기도,용인구성언남점,경기도 용인시 기흥구 구성로 102 1층 114호
전라남도,무안남악시장점,전라남도 무안군 삼향읍 남악5로48번길 5
인천광역시,인천가좌점,인천광역시 서구 원적로 96  1층
경기도,시흥삼미시장점,경기도 시흥시 삼미시장4길 18
경기도,위례센터점,경기도 성남시 수정구 위례광장로 300
인천광역시,청라호수공원점,인천광역시 서구 청라루비로 99
전라북도,고창군청점,전라북도 고창군 고창읍 읍내리 229-9
경상북도,포항우현점,경상북도 포항시 북구 우현동 106-5
세종특별자치시,세종아름점,세종특별자치시 아름동 1293 해피라움 105호
서울특별시,화양사거리점,서울특별시 성동구 성수동2가 281-16(아차산로17길 57)
경기도,수지성복점,경기도 용인시 수지구 성복1로 106
경기도,서정리역점,경기도 평택시 서정동 318-15(정암로 6)
전라남도,나주듀플렉스호텔점,전라남도 나주시 배멧2길 13 듀플렉스호텔 1층
경상북도,영천시청점,경상북도 영천시 충효로 74
서울특별시,신정네거리역점,서울시 양천구 중앙로 276 1층
전라북도,전주에코시티점,전라북도 전주시 덕진구 세병로 22
대전광역시,대전건양대병원점,대전광역시 서구 관저동 1896 122호+123호
인천광역시,청라좋은병원점,인천광역시 서구 청라에메랄드로 84 청라딜라이트2차 104호
경기도,김포마산점,경기도 김포시 김포한강8로162번길 10 한강프라자 103호
제주도,제주동광육거리점,제주특별자치도 서귀포시 안덕면 신화역사로 502
제주도,제주연북로점,제주특별자치도 제주시 노형동 721
경기도,태전한아람초점,경기도 광주시 태봉로 145-1 1층 104호 (태전동 세진상가)
서울특별시,강동구청점,서울특별시 강동구 성내동 319-27
전라남도,삼호대불점,전라남도 영암군 삼호읍 대불주거5로 6
전라북도,정읍상동점,전라북도 정읍시 상동 183-5
충청북도,오창과학단지점,충청북도 청주시 청원구 오참읍 각리 648-1 제1층 104호
대구광역시,대구서구청점,대구 서구 죽채보상로 254
서울특별시,가오리역점,서울특별시 강북구 수유동 339-6
충청남도,아산탕정점,충청남도 아산시 탕정면 탕정면로8번길 33-14 (명암리)
충청남도,천안시청점,충청남도 천안시 서북구 불당동 1489(불당25로 208)
경기도,덕양구청점,경기도 고양시 덕양구 화정로 53-1 글로리아 프라자 105호
강원도,춘천한림대점,강원도 춘천시 삭주로 64 (교동 15-3)
충청남도,논산터미널점,충청남도 논산시 취암동 1045-1
대전광역시,대전중구청점,대전광역시 중구 대흥동 469-5(보문로 258)
충청남도,아산북수점,충청남도 아산시 배방읍북수서로 34 105호
서울특별시,상도e편한점,서울특별시 동작구 만양로6 이편한세상 상도노빌리티 1층 106호
전라남도,무안오룡점,전라남도 무안군 일로읍 오룡중앙둥로 37 1층 111·112호(오룡 에듀포레 푸르지오)
경기도,판교역점,경기도 성남시 분당구 대왕판교로 606번길 31 1층 104호
서울특별시,방학역점,서울특별시 도봉구 도봉로 153길 20
서울특별시,수유역점,서울특별시 강북구 번동 418-3 (도봉로 352)
대전광역시,대전중리점,대전광역시 대덕구 중리북로 41
인천광역시,영종운서역점,인천광역시 중구 운서동 2803-1
대전광역시,대전관저더샵점,대전광역시 서구 관저로 23 1층 105호(관저동)
인천광역시,인천계양맛길점,인천광역시 계양구 도두리로 33 102호
경기도,안양박달시장점,경기도 안양시 만안구 박달동 21-22
충청북도,충북영동점,충청북도 영동군 영동읍 계산로 3
인천광역시,부평장제로점,인천광역시 부평구 장제로 99 벨라루체 104
경기도,다산롯데캐슬점,경기도 남양주시 다산중앙로146번길 22 (다산동 다산진건지구 상업2-6-1)
서울특별시,망우역사거리점,서울특별시 중랑구 망우동 479 한일씨너스빌리젠시 1단지
경기도,양주고읍점,경기도 양주시 고읍남로 7 105호
서울특별시,세종대후문점,서울특별시 광진구 군자로 108
경상북도,포항문덕점,경상북도 포항시 남구 오천읍 원동로 24 1층
경기도,서수원홈플러스점,경기도 수원시 권선구 금곡동 1124-1 1층  S타워 105호
경기도,별내북부점,경기도 남양주시 별내3로 322 1층 104호
경기도,김포풍무사거리점,경기도 김포시 풍무로 112
대전광역시,대전정부청사점,대전광역시 서구 둔산중로 134번길 29  1층 청사프라자 160호
경기도,산본학원가점,경기도 군포시 산본로 394 대림프라자 106호
경기도,일산백마점,경기도 고양시 일산동구 일산로208 한일파킹타운 103호
서울특별시,돈암아리랑점,서울특별시 성북구 아리랑로 75
대구광역시,대구만촌점,대구광역시 수성구 교학로 58 1층 (만촌동)
대구광역시,대구범어KBS점,대구광역시 수성구 범어로 73 (범어동 범어에스케이뷰 아파트 2단지)
인천광역시,인천학익점,인천광역시 미추홀구 매소홀로 355 학익프라자 106호
경상북도,구미확장단지점,경상북도 구미시 산동면 신당1로2길 13 110호 (신당리 1433)
경기도,부천강남시장점,경기도 부천시 옥산로 155 (도당동 283-18)
대구광역시,대구서부정류장역점,대구광역시 달서구 구마로 264 (송현동)
경기도,파주야당역점,경기 파주시 경의로 1074 삼융시네마 111호
세종특별자치시,세종대평점,세종특별자치시 한누리대로 2236 A 140호
서울특별시,암사역점,서울특별시 강동구 올림픽로 770
충청북도,청주지웰시티점,충청북도 청주시 흥덕구 대농로 39(청주 솔밭초등학교 앞)
경상남도,경남창녕점,경상남도 창녕군 창녕읍 군청길 23 (술정리) 1층
충청남도,천안성성점,충청남도 천안시 서북구 성성8로 2-34 우리타워 101호
서울특별시,강변역점,서울특별시 광진구 강변역로4길 10
인천광역시,인천청라커낼점,인천광역시 서구 청라커낼로 260번길 15
충청북도,서원대점,충청북도 청주시 서원구 서원남로 50-5 (서원대 후문)
전라남도,순천오천점,전남 순천시 오천6길 16 104호
경기도,망월사역점,경기도 의정부시 호원동 459 신일엘리시움 1층 108호
경기도,다산중앙점,경기도 남양주시 다산중앙로123번길 9 로데오프라자 102호
전라북도,김제터미널점,전라북도 김제시 동서로 232 1층 101호(요촌동)
경기도,미사강변점,경기도 하남시 미사강변대로226번길 14 에스프라자 미사 1층
대전광역시,대전죽동점,대전광역시 유성구 죽동로 295 101호
경기도,시흥은행점,경기도 시흥시 은행로 155번길 5
전라북도,전주하가점,전라북도 전주시 덕진구 가련사로 7 102호 (덕진동2가)
서울특별시,동대문역점,서울특별시 종로구 종로 289 1층(창신동)
경상남도,사천정동점,경상남도 사천시 정동면 진삼로 1394-1
경기도,산성역점,경기도 성남시 수정구 수정로 346 1층
경기도,시흥은계점,경기도 시흥시 은계남로 12 호반써밋상가 148호
서울특별시,연신내사거리점,서울특별시 은평구 통일로 840
서울특별시,월곡래미안점,서울 성북구 오패산로 98 1층 빽다방
경기도,수원SKV1점,경기도 수원시 권선구 평동로79번길 45 112호 (평동 수원SKV1 모터스 건물 1층)
경기도,백석역점,경기도 고양시 일산동구 일산로 46 1층 107호 (백석동 남정씨티프라자)
경상북도,경주용황점,경상북도 경주시 용황로 74 협성휴포레용황아파트 상가
서울특별시,답십리사거리점,서울특별시 동대문구 답십리동 243-2 (전농로 97-1)
서울특별시,송정역점,서울특별시 강서구 공항동 45-39(공항대로 23)
경기도,산본사거리점,경기도 군포시 고산로 694-1
경기도,수원영통구청점,경기도 수원시 영통구 효원로 393. 101호
충청남도,천안직산점,충청남도 천안시 서북구 직산읍 삼은3길 13
충청남도,천안신방점,충청남도 천안시 동남구 통정4로 10 1층 104호(신방동)
대전광역시,대전월평역점,대전광역시 서구 월평중로 20
경기도,경기광주경안점,경기도 광주시 중앙로 110 1층 105-2호(경안동)
전라남도,목포옥암점,전라남도 목포시 당가두로 18 옥암지구 1호공원 앞
충청북도,청주금천광장점,충청북도 청주시 상당구 산성로 98번길 35 (청주금천광장 옆)
경기도,일산문화공원점,경기도 고양시 일산동구 중앙로1275번길 38-10 (고양등기소 옆)
경기도,옥길퀸즈파크점,경기도 부천시 옥길로 118  퀸즈파크 B동 105호
경기도,시흥배곧타운점,경기도 시흥시 배곧4로 30 배곧타운 1상가
충청북도,청주오송점,충청북도 청주시 흥덕구 오송읍 오송생명5로 179 102호
서울특별시,쌍문역점,서울특별시 도봉구 도봉로 479
서울특별시,가산두산위브점,서울특별시 금천구 가산로 99 두산위브아파트 상가동
대구광역시,대구대실역점,대구광역시 달성군 다사읍 달구벌대로 866 1층 105호
인천광역시,인천작전역점,인천광역시 계양구 효서로 233
서울특별시,선정릉역점,서울특별시 강남구 선릉로 567 1층 일부호(역삼동)
경기도,하남풍산점,경기 하남시 덕풍동 744  111호
경기도,양주옥정신도시점,경기도 양주시 옥정동 966-10  폴리프라자 3 104호
서울특별시,송파하비오점,서울시 송파구 문정동 618 파크하비오 204동 117118호
서울특별시,구산역점,서울특별시 은평구 연서로 129 (구산동 1-15)
강원도,원주무실동점,강원도 원주시 능라동길 51 시네씨티타워 1층
경상북도,구미인동점,경북 구미시 인의동 375-2
경기도,시흥능곡점,경기도 시흥시 능곡동 741 태영프라자 111호
전라북도,전주KBS점,전북 전주시 완산구 마전로 7
서울특별시,개봉역점,서울시 구로구 개봉동 203-7
충청북도,청주율량주성점,충북 청주시 청원구 율량로 187
서울특별시,합정역점,서울 마포구 월드컵로1길 14 (합정동) B-112-1호
경상북도,영주가흥동점,경상북도 영주시 대동로34번길 2
경기도,평택안중점,경기 평택시 안현로서8길 57
서울특별시,마포경찰서점,서울시 마포구 아현동 618-8 (마포대로 179)
서울특별시,선유도역점,서울시 영등포구 양평동4가 114-1
전라남도,목포터미널점,전남 목포시 영산로 515 (상동)
대전광역시,대전목원대점,대전 서구 도안동 848
인천광역시,인천루원시티점,인천 서구 봉오재3로 96 새롬프라자 1층
서울특별시,굽은다리역점,서울시 강동구 명일동 346-1
경기도,시흥세종프라자점,경기도 시흥시 정왕동 1882-4 세종프라자 119호
인천광역시,빽다방 빵연구소 인천동춘점,인천광역시 연수구 앵고개로 256 1층 107호108호(동춘동)
서울특별시,창동역점,서울 도봉구 마들로11길 57 102호
인천광역시,인천굴포천2호점,인천광역시 부평구 장제로 2241층
전라북도,남원중앙점,전라북도 남원시 남문로 4471층 104호(하정동)
서울특별시,강서블루나인점,서울특별시 강서구 양천로 583 (염창동우림블루나인비즈니스센터) 지하1층
서울특별시,상왕십리역점,서울 성동구 하왕십리동 946-16
서울특별시,낙성대역점,서울시 관악구 봉천동 1686-11
강원도,원주혁신도시점,강원 원주시 반곡동 1886-3
인천광역시,송림오거리점,인천광역시 동구 송림로 91 1층(송림동)
충청남도,예산터미널점,충남 예산군 예산읍 역전로140번길 2 1층
세종특별자치시,세종시청점,세종특별자치시 보람동 628-2
서울특별시,올림픽북단점,서울 광진구 구의동 199-8
경기도,성남의료원점,경기도 성남시 수정구 수정로 176-1 1층 일부호(신흥동)
충청북도,충북옥천점,충청북도 옥천군 옥천읍 중앙로 45-1
경기도,마두역점,경기 고양시 일산동구 중앙로 1189
서울특별시,구로KT점,서울특별시 관악구 신림동 1668-15
경상남도,진주초전점,경남 진주시 초전동 1648-5
서울특별시,오류동역남부점,서울 구로구 오류동 148-2
제주도,빽다방 빵연구소 제주사수점,제주 제주시 도두이동 1679
경기도,수원못골시장점,경기 수원시 팔달구 중부대로 42
울산광역시,울산옥동점,울산광역시 남구 거마로 15
전라남도,목포용해점,전남 목포시 연산백련로 13
경기도,용인죽전점,경기도 용인시 수지구 현암로 154 1층 108호(죽전동 거풍프라자)
서울특별시,구의역점,서울 광진구 아차산로 380
울산광역시,울산송정중앙점,울산광역시 북구 송정16길 28
경기도,평택고덕점,경기도 평택시 고덕여염12길 68 1층
서울특별시,방이시장점,서울 송파구 백제고분로48길 6
충청남도,천안성환중앙점,충남 천안시 서북구 성환읍 성환2로 105
인천광역시,영종하늘도시점,인천광역시 중구 하늘별빛로 75(중산동 로얄페스타)
전라남도,순천대점,전남 순천시 삼산2길 33 1층
서울특별시,신림난곡점,서울 관악구 난곡로 178
전라남도,목포역점,전라남도 목포시 수문로 9
전라북도,전주예수병원점,전라북도 전주시 완산구 서원로 345
경상남도,김해장유점,경상남도 김해시 삼문로 22
인천광역시,인천원당점,인천광역시 서구 고산후로95번안길 21
경상북도,구미형곡점,경북 구미시 신시로 59
경기도,성남수진푸르지오점,경기도 성남시 중원구 광명로 89 푸르지오센트럴오피스텔 상가 1층
서울특별시,응암대림시장점,서울 은평구 응암로 169
충청남도,천안청당점,충청남도 천안시 동남구 청수4로 10 106호
충청남도,천안백석점,충청남도 천안시 서북구 백석4길 44
서울특별시,양재시민의숲역점,서울시 서초구 마방로2길 94
대전광역시,대전봉명우산점,대전광역시 유성구 문화원로 86
경기도,아주대점,경기도 수원시 영통구 아주로 18(원천동)
경상북도,경산옥곡점,경북 경산시 경산로16길 2-6
경기도,시흥장곡공원점,경기도 시흥시 진말로9번길 15
서울특별시,화곡역점,서울시 강서구 화곡로25길2
서울특별시,보라매타운점,서울특별시 동작구 보라매로 5가길 7
전라북도,전주송천오송점,전라북도 전주시 덕진구 천마산로 52(송천동1가 107-200)
충청남도,태안터미널점,충청남도 태안군 태안읍 동백로 307
대전광역시,대전탑립테크노점,대전광역시 유성구 테크노10로 31
경기도,행신역점,경기도 고양시 덕양구 충경로 52
강원도,화천사내면,강원도 화천군 사내면 사내로 40-3
전라남도,순천호수공원점,전남 순천시 왕지2길 15
경기도,부천원미사거리점,경기 부천시 원미로 119 1층
인천광역시,인천효성명현점,인천 계양구 효성동 63-8
서울특별시,노원문화의거리점,서울특별시 노원구 노해로79길 6-19
제주도,제주외도점,제주 제주시 우정로 15길 1
경기도,의정부신곡점,경기 의정부시 발곡로 24
경기도,대화역점,경기도 고양시 일산서구 중앙로 1568(대화동 하성프라자)
경기도,성남신흥역점,경기도 성남시 수정구 산성대로 267 1층 119-1호(신흥동)
서울특별시,봉천역점,서울시 관악구 남부순환로 1729(봉천동 926-36)
인천광역시,인천마전역점,인천 서구 완정로 60
경기도,김포풍무역점,김포시 유현로 238번길 31 웅신타워 114호
경기도,용인역북남부점,경기도 용인시 처인구 명지로60번길 8-13
광주광역시,광주봉선쌍용점,광주시 남구 봉선로 172 (봉선동 109-3번지)
서울특별시,장안동사거리점,서울 동대문구 장한로 140
서울특별시,신논현역점,서울시 서초구 사평대로 367 1층
전라북도,전주서신중앙점,전북 전주시 완산구 서신동 764-2(당산로 39) 제일비사벌아파트 상가 1층
세종특별자치시,세종새롬중앙점,세종특별자치시 새롬중앙로 47 세움빌딩 112호
충청북도,청주율량중앙점,충청북도 청주시 청원구 율량로 104
전라북도,익산시민공원점,전북 익산시 무왕로 13길 17
인천광역시,인천법원삼거리점,인천광역시 미추홀구 소성로 159 1층 108호
경기도,동탄역남부점,경기도 화성시 동탄대로 495 (동탄역리치안 1층)
경기도,구리갈매역중앙점,경기 구리시 갈매동 산마루로 11-12
경기도,탄현역제니스점,경기도 고양시 일산서구 탄현동 1640
경기도,부천역남부점,경기 부천시 경인로 210
경상남도,진주호탄점,경남 진주시 강변길9번길 6
경기도,동두천지행역점,경기도 동두천시 지행동 지행로 56
서울특별시,응암역점,서울특별시 은평구 은평로 56 1층(신사동 안건빌딩)
전라북도,전주동산점,전라북도 전주시 덕진구 쪽구름로 58
인천광역시,인천도화청운대점,인천광역시 미추홀구 숙골로87번길 24. 101호 (도화동 가야프라자)
경기도,동탄중앙어울림점,경기 화성시 동탄대로시범길 142 센텀프라자 1층 108-1호
대구광역시,대구달성테크노점,대구광역시 달성군 유가읍 테크노상업로 98 1층
인천광역시,인천검단사거리점,인천광역시 서구 검단로 474 뷰비스타운 1층
인천광역시,인천서구청점,인천시 서구 탁옥로 45
경기도,광교법조타운점,경기도 수원시 영통구 광교중앙로266번길 22
경기도,문산당동점,경기도 파주시 문산읍 방촌로 1725 107호(좋은빌딩3)
경기도,화성향남로데오점,경기도 화성시 향남읍 상신하길로328번길 26 1층 101호(키움프라자)
경기도,수원탑동점,경기도 수원시 권선구 탑동로3번길 13 1층(탑동)
인천광역시,인천검암서해점,인천광역시 서구 승학로 497(검암동 검암프라자)
경상북도,예천신도시점,경상북도 예천군 호명면 새움3로 26 103호(에비뉴타워)
경기도,용인구성역점,경기 용인시 기흥구 용구대로 2398 주상가동 1층 101-3호(마북동 연원마을벽산아파트)
경기도,양평로데오점,경기도 양평군 양평읍 양근리 358-5
서울특별시,빽다방 빵연구소 신사사거리점,서울시 서초구 강남대로 605
충청북도,충주신연수리첼점,충청북도 충주시 번영대로 216
경상남도,경남거창중앙점,​경상남도 거창군 거창읍 중앙로 123
충청북도,청주분평중앙점,충청북도 청주시 서원구 1순환로 1107번길 20 1층
인천광역시,인천더블유병원점,인천광역시 미추홀구 인주대로 400 1층 (주안동)(신기시장사거리 인천w여성병원 1층내 위치)
인천광역시,인천월미도점,인천 중구 월미로 237 (북성동1가) 1층
서울특별시,신대방역점,서울시 관악구 난곡로 363
경기도,김포장기역점,경기도 김포시 김포한강1로51번길 28 105호(장기동  레드클로버)
경기도,파주금촌1호점,경기도 파주시 문화로 102  제1호(금촌동)
인천광역시,인천계산삼거리점,인천광역시 계양구 경명대로 1059 1층 일부호(계산동)
서울특별시,KBS본관점,서울특별시 영등포구 의사당대로 38
충청남도,천안불당지웰점,충청남도 천안시 서북구 불당26로 50 근린생활시설4동 E103호
충청남도,천안불당정석점,충남 천안시 서북구 불당21로 71 정석프라자 117호
충청남도,보령중앙로점,충청남도 보령시 중앙로81(대천동)
경기도,안산중앙역롯데점,경기 안산시 단원구 고잔로 108 1층
인천광역시,인천청라쓰리엠점,인천광역시 서구 중봉대로586번길 9-4 106호(연희동 쓰리엠타워)
경기도,수원권선웰빙점,경기도 수원시 권선구 세지로 73 1층 111호 (세류동 웰빙프라자)
인천광역시,인천구월로데오점,인천 남동구 성말로 9
경기도,평택팽성점,경기도 평택시 팽성읍 팽성송화로 219 1층
경상남도,진주과기대점,경상남도 진주시 동진로 21 1층 (칠암동)
충청남도,홍성내포중앙점,충청남도 홍성군 홍북읍 청사로 174번길 2 113호
전라남도,목포북항골든점,전라남도 목포시 원산중앙로 10 1층 105호(산정동 한성골든빌)
경기도,용인흥덕이시티점,경기도 용인시 기흥구 흥덕2로87번길 18 C동 115호(영덕동 이씨티)
대구광역시,대구진천역점,대구광역시 달서구 월배로 96 (진천동)
울산광역시,울산달동1호점,울산광역시 남구 달동 신정로23 삼성아파트 205동 103호
충청남도,논산중앙점,충남 논산시 중앙로 480번길 12 글로벌 알디빌딩 1층 108호
경기도,수원인계CGV점,경기도 수원시 팔달구 효원로 265번길 54 110호(인계동)
서울특별시,발산역플레이스점,서울특별시 강서구 강서로 395. 플레이스 H 108호
경기도,시흥배곧메가점,경기도 시흥시 서울대학로 278번길 43-13 112호
경기도,오산세교삼미점,경기 오산시 오산대역로 210 1층 
대전광역시,대전유천버드내점,대전광역시 중구 태평로 22-1
경기도,고양삼송신원점,경기도 고양시 덕양구 신원로 40-46
대구광역시,대구다사세천점,대구광역시 달성군 다사읍 세천로 160 엠코타운 더솔레뉴 상가 303동 105호
대전광역시,대전가수원중앙점,대전광역시 서구 계백로 1135
충청남도,천안역점,충청남도 천안시 동남구 대흥로 228
인천광역시,인천석바위시장점,인천광역시 남구 경원대로 848(주안동 주안태흥프라자)
서울특별시,마곡나루역북부점,서울특별시 강서구 마곡중앙5로 1길 20 1층
서울특별시,노원역북부점,서울특별시 노원구 상계로3길 21 101호
충청남도,당진읍내점,충남 당진시 당진중앙2로 103-11 1층
부산광역시,부산장림점,부산광역시 사하구 장림번영로103번길 5
인천광역시,인천길병원점,인천광역시 남동구 구월남로 174  1층 107호(구월동그랜드프라자)
인천광역시,인천용현토지점,인천광역시 남구 낙섬중로 40(용현동)
서울특별시,사가정역점,서울특별시 중랑구 면목로 330-1 1층
전라북도,정읍터미널점,전라북도 정읍시 중앙로 41
경기도,김포통진마송점,경기도 김포시 통진읍 조강로 39
인천광역시,인천임학역점,인천광역시 계양구 장제로 885-1
서울특별시,약수역점,서울특별시 중구 다산로 131
전라남도,무안전남도청점,전라남도 무안군 삼향읍 남악3로 82번길 14  107호
대전광역시,서대전샘물타운점,대전광역시 유성구 원내로38 원내코아 108호
광주광역시,광주상무메가점,광주광역시 서구 시청로 60번길 21-6 1층 101호
충청남도,서산터미널점,충청남도 서산시 율지8로 4 1층
서울특별시,구파발역미켈란점,서울시 은평구 진관동 87-3 웅신미켈란의아침 101호
전라남도,광양중마사랑점,전라남도 광양시 공영로 67 1층
충청남도,천안두정역점,충청남도 천안시 서북구 두정로 271 1층
경기도,고양원흥역점,경기도 고양시 덕양구 삼송로 12 반도유스퀘어 106호
서울특별시,신설동역1호점,서울특별시 동대문구 왕산로 20
전라북도,전주대점,전라북도 전주시 완산구 백마산길 25 1층
서울특별시,방이역코오롱점,서울시 송파구 마천로 25 1층
경기도,파주운정이마트점,경기도 파주시 와석순환로 125 1층 103로
경기도,동탄영천한백점,경기도 화성시 지산2길 4-2 1층
대구광역시,대구경대병원점,대구시 중구 동덕로26길 18 1층
제주도,호텔더본 제주점,제주도 서귀포시 색달로 18
인천광역시,송도캠퍼스타운점,인천시 연수구 송도과학로27번길 55 캠퍼스타운 D동 103호
대구광역시,대구신월성점,대구광역시 달서구 조암로 29 이래타워 지상 1~2층 112호
경상북도,포항영일대점,경상북도 포항시 북구 삼호로 237 1층
대전광역시,대전전민중앙점,대전시 유성구 유성대로 1740 1층
서울특별시,이태원점,서울시 용산구 보광로59길 37 1층
경기도,화성향남중앙점,경기도 화성시 향남읍 행정중앙2로 63-34 명신프라자 103호
인천광역시,동인천역점,인천시 중구 자유공원로 5 1~2층
인천광역시,인천신현하늘채점,인천시 서구 석곶로 2 1층
경기도,부천약대점,경기도 부천시 평천로 718 1층
서울특별시,구로시장점,서울시 구로구 구로동로26길 125 1~2층
경기도,김포구래점,경기도 김포시 김포한강9로 80 다온프라자 123호
인천광역시,인하대역SK점,인천 미추홀구 용정공원로 33
전라남도,순천조례주공점,전라남도 순천시 신월큰길 32 1층
충청북도,청주터미널점,충청북도 청주시 흥덕구 풍년로 148-1 1층
서울특별시,까치산역점,서울시 강서구 강서로 48 1층
서울특별시,천왕역점,서울시 구로구 오리로 1149 랑데르 1층
강원도,홍천중앙점,강원도 홍천군 홍천읍 꽃뫼로 99 1층(신장대리 79-52)
충청남도,온양온천역점,충남 아산시 온천대로 1487-5(온천동 211-2번지)
경기도,수원권선이마트점,경기 수원시 권선구 덕영대로1201번길 28 금강빌딩 107호
경기도,용인동백역점,경기도 용인시 기흥구 동백중앙로 175 1층 109호(중동 우함빌딩)
경기도,파주운정산내점,경기도 파주시 청암로17번길 25 운정블루 102호
대전광역시,대전탄방로데오점,대전광역시 서구 둔산중로14번길 36 124호(탄방동)
서울특별시,목동41타워점,서울시 양천구 목동동로 293 현대41타워 1층 제1-10호
부산광역시,부산남포광장점,부산시 중구 비프광장로 13-1호
대전광역시,대전선병원점,대전시 중구 목중로 18 1층
경기도,고양원당중앙점,경기도 고양시 덕양구 호국로 809 1층
충청북도,청주산남점,충청북도 청주시 서원구 산남로 64 엔젤변호사빌딩 107호
충청남도,천안상명대점,충청남도 천안시 동남구 각원사길 521층 103호
경기도,군포당정역은하점,경기도 군포시 고산로 248 은하프라자 1층
전라남도,목포평화광장점,전라남도 목포시 원형로 4-1 1층
충청남도,천안쌍용중앙점,충청남도 천안시 서북구 미라8길 23 1층
서울특별시,영등포구청역점,서울시 영등포구 당산로 113 (당산동3가 378)
광주광역시,광주상무역점,광주시 서구 치평로 20 1층 102-1호
경기도,의왕포일프라자점,경기도 의왕시 봇들로 40 101호 (포일동포일프라자)
서울특별시,등촌역점,서울시 양천구 공항대로 564 1층
서울특별시,당산역점,서울시 영등포구 양평로 28-1 1층
경기도,군포당정삼거리점,경기도 군포시 고산로151번길 7 1층
경상남도,경남고성송학점,경상남도 고성군 고성읍 송학로 140 1층
전라남도,여수웅천해변점,전라남도 여수시 예울마루로 37-15 1층
경기도,성남을지대점,경기도 성남시 수정구 산성대로 535 1층
서울특별시,문정법조현대점,서울특별시 송파구 법원로11길 11 문정현대지식산업센터1-1 A동 125호
서울특별시,구로디지털역점,서울시 구로구 디지털로32길 79 1층
경기도,수원남문점,경기도 수원시 팔달구 정조로 787-2 1층
서울특별시,강북구청점,서울시 강북구 도봉로87길 48
강원도,강릉금학점,강원도 강릉시 신대학길 14
서울특별시,강동역헤르셔점,서울시 강동구 천호대로 1089 신동아파밀리에 B16호
서울특별시,강남포스코센터점,서울시 강남구 삼성로85길 11
서울특별시,강남역태극당점,서울시 강남구 테헤란로4길 46
서울특별시,강남역지하도점,서울시 강남구 강남대로 396 강남역 지하 쇼핑센터 E-36
서울특별시,강남역월드점,서울시 서초구 서초대로77길 37
서울특별시,가산대륭점,서울시 금천구 벚꽃로 298 107-2호
서울특별시,가락시장역점,서울시 송파구 송파대로28길 27
서울특별시,강남소망점,서울시 강남구 언주로159길 3
강원도,강릉교동중앙점,강원도 강릉시 솔올로 51
경상남도,경남산청중앙점,경상남도 산청군 산청읍 웅석봉로 11 1층
서울특별시,건대역화양점,서울특별시 광진구 아차산로 29길 29-1 1층
서울특별시,건대로데오점,서울시 광진구 아차산로 220 노유송천빌딩 1층
경상남도,거제고현터미널점,경상남도 거제시 서문로 79
강원도,강원대점,강원도 춘천시 서부대성로239번길 4 1층
광주광역시,광주구시청점,광주광역시 동구 백서로125번길 45
서울특별시,광운대점,서울특별시 노원구 광운로 43 로얄포토빌딩 1층
경기도,광명하안뉴코아점,경기도 광명시 범안로 1042
경기도,광명철산점,경기도 광명시 오리로856번길 25 남원빌딩 1층
경기도,광명사거리역점,경기도 광명시 오리로 987 1층
경기도,광교경기대후문점,경기도 수원시 영통구 대학로 46 킴엔코시티하임 103
서울특별시,관악구청점,서울시 관악구 관악로 155 1층
경기도,과천렉스타운점,경기도 과천시 별양상가1로 25 렉스타운 102호
충청남도,공주대점,충청남도 공주시 공주대학로 87 1층
서울특별시,공덕역새창로점,서울시 마포구 새창로 151-
서울특별시,공덕역롯데캐슬점,서울특별시 마포구 마포대로 109 롯데캐슬 지하1층 104-1호
경기도,고양서정마을점,경기도 고양시 덕양구 중앙로 450 명성프라자 102
서울특별시,고속터미널역점,서울특별시 서초구 신반포로 177 반포쇼핑타운 1층 16호
인천광역시,계양구청점,인천시 계양구 계산새로 71 하이베라스 C-111호
경상북도,경주분황사점,경상북도 경주시 알천남로 314 1층
경상북도,경산하양중앙점,경상북도 경산시 하양읍 하양로 74 1층
대구광역시,경북대정문점,대구시 동구 경대로 36 1층
경기도,군포당동우체국점,경기도 군포시 군포로499번길 3 1층
서울특별시,구파발역점,서울특별시 은평구  진관2로 15-46 메트로 프라자 1층 110호
경상북도,구미역점,경상북도 구미시 구미중앙로 80-1 1층
경상북도,구미구평롯데점,경상북도 구미시 인동36길 21 1층
경기도,구리인창늘푸른점,경기도 구리시 건원대로34번길 51 삼환신일아파트상가 106호
경기도,구리돌다리점,경기도 구리시 검배로6번길 27 1층
서울특별시,구로코오롱점,서울특별시 구로구 디지털로30길 31 코오롱빌란트2차 109호
서울특별시,구로로제리움점,서울시 구로구 가마산로26길 5 로제리움2차 104호
광주광역시,광주충장로2호점,광주광역시 동구 금남로1가 19-4
광주광역시,광주충장로1호점,광주시 동구 중앙로160번길 15-6 1~2층
광주광역시,광주첨단로데오점,광주시 광산구 첨단중앙로106번길 11 104호
경기도,광주이마트점,경기도 광주시 광주대로 30 광주터미널 이프라자 1층
광주광역시,광주수완대로점,광주 광산구 장신로 135 1층 빽다방
광주광역시,광주상무1호점,광주시 서구 치평로 106 1층
대구광역시,대구도원골든점,대구시 달서구 도원로 24 1층
대구광역시,대구교동시장점,대구광역시 중구 북성로1가 1-11길 (동성로 82)
대구광역시,대구계명대점,대구시 달서구 서당로9길 39 1층
대구광역시,대구감삼역점,대구시 달서구 달구벌대로 1662 1층
경기도,단대오거리역점,경기도 성남시 중원구 산성대로 354 태성빌딩 1층
충청남도,논산시청점,충청남도 논산시 시민로194번길 10 1층
서울특별시,노원역우리은행점,서울시 노원구 노해로 482 덕영빌딩 102
서울특별시,노량진학원점,서울시 동작구 만양로 94-2 1층
경기도,남양주장현점,경기도 남양주시 진접읍 장현로 77 장현프라자 130
경상남도,김해내외동점,경상남도 김해시 내외중앙로 47 풍림위너스프라자 116호
경기도,김포한강CGV점,경기도 김포시 김포한강11로 288-32 골든스퀘어 117호
경기도,김포장기쌍용점,경기도 김포시 김포한강2로23번길 50 더베니스 111호
경기도,김포사우공원점,경기도 김포시 돌문로 50 청운팰리스빌딩 106호
서울특별시,길음역점,서울시 성북구 동소문로 248 삼부상가 110호
경기도,금정역점,경기도 군포시 산본천로 226번길 1 1층
대전광역시,대전관평중점,대전시 유성구 테크노4로 115 1층
대전광역시,대전가오CGV점,대전광역시 동구 가오동607번지 105호
대구광역시,대구혁신1호점,대구시 동구 첨단로8길 10 이노타워 1층
대구광역시,대구칠곡타운점,대구시 북구 학정로 439 칠곡메가타운 108호
대구광역시,대구칠곡점,대구광역시 북구 칠곡중앙대로 638
대구광역시,대구죽전삼정점,대구광역시 달서구 달구벌대로 1533
대구광역시,대구율하광장점,대구시 동구 안심로22길 40 우석타워 107호
대구광역시,대구월성원더풀점,대구시 달서구 조암로 48 1층
대구광역시,대구신매협화점,대구시 수성구 신매로 91 협화상가 113-104
대구광역시,대구성서롯데점,대구시 달서구 성서로 414 메가스타 112호
대구광역시,대구상인역롯데점,대구광역시 달서구 상인동 1506 리젠트프라자 1층
대구광역시,대구보건대점,대구시 북구 칠곡중앙대로69길 26 1층
대구광역시,대구범어역점,대구시 수성구 달구벌대로 2396 1층
대구광역시,대구반월당현대점,대구시 중구 달구벌대로 2081-22 1층
대구광역시,대구반월당지하점,대구시 중구 달구벌대로 지하 2100 메트로센터 지하 C-112호
대구광역시,대구두류점,대구시 달서구 달구벌대로344길 34 1층
대구광역시,대구동성로2호점,대구광역시 중구 동성로 5길 11 1층 (동성로 2가)
서울특별시,대치동학원가점,서울 강남구 대치동 941번지 1층
대전광역시,대전한남대점,대전광역시 대덕구 한남로 27
대전광역시,대전터미널서관점,대전시 동구 동서대로 1689 대번복합터미널 서관 136호
대전광역시,대전탄방세이점,대전시 서구 문정로 86 1층
대전광역시,대전타임월드점,대전시 서구 둔산로31번길 35 1층
대전광역시,대전을지병원점,대전 서구 둔산동 1367
대전광역시,대전은행점,대전광역시 중구 중앙로156번길 24
대전광역시,대전은행2호점,대전시 중구 대종로480번길 56 1~2층
대전광역시,대전유성리베라점,대전광역시 유성구 계룡로 64 102-2호
대전광역시,대전우송대점,대전시 동구 동대전로 169 1층
대전광역시,대전시청역점,대전시 서구 둔산중로 40 리치빌 1층
대전광역시,대전스타게이트점,대전시 서구 대덕대로 325 스타게이트 1층 65호
대전광역시,대전송촌공원점,대전시 대덕구 송촌북로16번길 58 1층
대전광역시,대전법원점,대전 서구 둔산로137번길 27 둔산빌딩 1층
대전광역시,대전배재대점,대전시 서구 배재로 160 1층
대전광역시,대전반석역점,대전광역시 유성구 북유성대로 303
대전광역시,대전롯데점,대전시 서구 도솔로 382 1층
대전광역시,대전둔산향촌점,대전시 서구 둔산로 14 1층
대전광역시,대전둔산중앙점,대전시 서구 대덕대로185번길 22 1층
대전광역시,대전노은CGV점,대전시 유성구 은구비남로33번길 5 경남아너스빌 111호
서울특별시,마포복사꽃공원점,서울 마포구 마포대로4길 16
서울특별시,둔촌동역점,서울시 강동구 양재대로 1339 삼오빌딩 102호
강원도,동해천곡점,강원도 동해시 한섬로 111-7 현진빌딩 106호
경기도,동탄은행사거리점,경기도 화성시 동탄지성로 121 1층
경기도,동탄석우점,경기도 화성시 삼성1로 160 디지털스테이션 1층
경기도,동탄북광장점,경기도 화성시 반송동 88-12 리더스프라자 106호
경기도,동탄남광장점,경기 화성시 메타폴리스로 54 117호
서울특별시,동작남성점,서울특별시 동작구 사당로17길 3
서울특별시,동여의도점,서울시 영등포구 국제금융로 86 롯데캐슬아이비 상가 1층 124호
부산광역시,부산동아대승학점,부산광역시 사하구 하단2동 816-3
대구광역시,동성로1호점,대구 중구 동성로2가 67-2번지 1층
서울특별시,둔촌동역점,서울시 강동구 양재대로 1339 삼오빌딩 102호
강원도,동해천곡점,강원도 동해시 한섬로 111-7 현진빌딩 106호
경기도,동탄은행사거리점,경기도 화성시 동탄지성로 121 1층
경기도,동탄석우점,경기도 화성시 삼성1로 160 디지털스테이션 1층
경기도,동탄북광장점,경기도 화성시 반송동 88-12 리더스프라자 106호
경기도,동탄남광장점,경기 화성시 메타폴리스로 54 117호
서울특별시,동작남성점,서울특별시 동작구 사당로17길 3
서울특별시,동여의도점,서울시 영등포구 국제금융로 86 롯데캐슬아이비 상가 1층 124호
부산광역시,부산동아대승학점,부산광역시 사하구 하단2동 816-3
대구광역시,동성로1호점,대구 중구 동성로2가 67-2번지 1층
경기도,미금역농협점,경기도 성남시 분당구 돌마로90번길 4 엘레강스프라자 1동 104호
경기도,문산시장점,경기도 파주시 문산읍 문산로 35-3 1~2층
전라남도,목포장미의거리점,전라남도 목포시 비파로51번길 31 1층(상동)
서울특별시,목동파리공원점,서울 양천구 목동서로 65 (목동가든스위트)
서울특별시,목동역점,서울시 양천구 오목로 231번지 1층
경기도,모란역점,경기도 성남시 중원구 성남동 4167
경기도,명학역점,경기도 안양시 만안구 안양로 110 1층
서울특별시,명일역점,서울시 강동구 구천면로 418 1층
서울특별시,명동중앙우체국점,서울시 중구 남대문로 58-1 1층
인천광역시,부평청천중점,인천시 부평구 부평구 세월천로 35
인천광역시,부평테마의거리점,인천광역시 부평구 경원대로 1395 부평일번가빌딩 110호
인천광역시,부평로데오점,인천광역시 부평구 부평대로20번길 18-1
경기도,부천중동현대점,경기도 부천시 석천로169번길 34 파크리움 103호
경기도,부천원종중앙점,경기도 부천시 오정구 소사로 747 1층
경기도,부천역CGV점,경기도 부천시 원미구 부일로460번길 5
경기도,부천심곡대성점,경기도 부천시 부천로 79
경기도,부천신중동점,경기도 부천시 중동로 254번길 64 신일아르디세 104호
경기도,부천상지초교점,경기도 부천시 원미구 장말로199번길 6-4 1층
부산광역시,부산화명코오롱점,부산시 북구 금곡대로285번길 19 1층
부산광역시,부산정관동오점,부산광역시 기장군 정관면 정관읍 정관7로 17-3 동오A타워 105호
부산광역시,부산장산역점,부산시 해운대구 해운대로 814 1층
부산광역시,부산서면롯데점,부산시 진구 서면로 63-1 1층
부산광역시,부산서면교육센터점,부산시 진구 중앙대로680번가길 9 1층
부산광역시,부산덕천역점,부산시 북구 덕천1길 6 1층
충청남도,서산호수공원점,충청남도 서산시 호수공원10로 7 101호 (예천동 배터라이프)
대전광역시,서대전홈플러스점,대전시 중구 계백로 1686번길 16
경기도,상현역광교점,경기도 용인시 수지구 광교중앙로 310 신명프라자 105호
서울특별시,상암KGIT점,서울특별시 마포구 월드컵북로 402 KGIT센터 105
경기도,상동역푸른마을점,경기도 부천시 원미구 상동로 841층
경기도,상동역북부점,경기 부천시 길주로 105
강원도,삼척대학로점,강원도 삼척시 대학로 23 1층
경기도,삼성전자정문점,경기도 수원시 영통구 삼성로 172-4
경기도,산본중앙점,경기도 군포시 산본로343번길 23 1층
경기도,산본역점,경기도 군포시 산본로323번길 16-5 1층
서울특별시,불광역점,서울 은평구 통일로 738-1
경기도,분당정자카페점,경기도 성남시 분당구 정자일로 230 파라곤3단지상가 105호
경기도,분당야탑역NC점,경기도 성남시 분당구 야탑로75번길 15 세화2001빌딩 104-1호
경기도,분당서현대명점,경기도 성남시 분당구 황새울로360번길 12 1층
경기도,분당서현교보점,경기도 성남시 분당구 분당로 53번길9106호
경기도,송내역로데오점,경기도 부천시 상일로 92 삼회월드프라자 102
경기도,송내역남부점,경기도 부천시 소사구 송내대로 33 105호
강원도,속초중앙로점,강원도 속초시 중앙로 123-1번지 1층
인천광역시,소래포구한화점,인천시 남동구 소래역남로 12 거목프라자 1층
부산광역시,센텀SH밸리점,부산시 해운대구 센텀동로 35 1층
세종특별자치시,세종도담센트럴점,세종시 한누리대로 583 도담센트럴프라자 105호
서울특별시,성신여대입구역점,서울특별시 성북구 동소문로20나길 3 1층
서울특별시,성수역롯데캐슬점,서울시 성동구 성수이로 113 1층
경기도,성남수진점,경기도 성남시 수정구 수정로 106 113호
경기도,성남가천대역점,경기도 성남시 수정구 성남대로 1330 일성오피스텔 105호
서울특별시,선릉중앙점,서울시 강남구 선릉로86길 8 1층
서울특별시,선릉역1호점,서울특별시 강남구 테헤란로51길 10 정다운빌딩 102호
서울특별시,서초우성점,서울시 서초구 사임당로 181 대일빌딩 101
서울특별시,서초역점,서울시 서초구 서초대로 240 동일하이빌 110호
서울특별시,서울대메트로빌점,서울특별시 관악구 남부순환로 1811 (봉천동 신원메트로빌) 1층
서울특별시,서울교대점,서울특별시 서초구 서초중앙로22길 25 서초리시온 109호
서울특별시,서울과기대점,서울시 노원구 공릉로 217 1층
전라남도,순천연향점,전라남도 순천시 연향상가8길 23 1층
전라남도,순천신대1호점,전라남도 순천시 해룡면 신대2길 3
경기도,수원천천롯데점,경기도 수원시 장안구 만석로19번길 25-3 강민크리닉 106
경기도,수원정자백설점,경기도 수원시 장안구 정자천로173번길 17 투대일타운 102
경기도,수원장안cgv점,경기도 수원시 장안구 경수대로940 일호골든타워 108
경기도,수원인계중앙점,경기도 수원시 인계로166번길 48-21
경기도,수원영통중앙점,경기도 수원시 청명남로 31 키라레스토아 1층 105-1호
경기도,수원역점,경기도 수원시 팔달구 향교로 9-1 1층
경기도,수원성균관대역점,경기도 수원시 장안구 서부로 2129-1 1층
경기도,수원망포역점,경기도 수원시 영통구 덕영대로 1535 현대프라자 112호
경기도,수원금곡칠보점,경기도 수원시 권선구 금곡로 100(금곡동 1082)
서울특별시,수서역점,서울시 강남구 밤고개로1길 10 수서현대벤처빌 109호
경기도,수내역초림점,경기도 성남시 분당구 백현로101번길 17 초림프라자 1층
서울특별시,송파역점,서울특별시 송파구 송파대로 366 1층
인천광역시,송도학원가점,인천광역시 연수구 신송로 161(송도 더 하이츠 106호)
인천광역시,송도월드마크점,인천광역시 연수구 컨벤시아대로 116 푸르지오월드마크 7단지 103호 (송도동 푸르지오월드마크)
인천광역시,송도글로벌1호점,인천시 연수구 송도문화로 28번길 28 상가 204동 1층 130호
경기도,송내역법조타운점,경기도 부천시 원미구 부일로221번길 46 1층
경기도,안산선부산호점,경기도 안산시 단원구 선부광장1로 66 용현빌딩 104
경기도,안산상록수역점,경기도 안산시 상록구 본오동 874-3 상림프라자 1층 103호
경기도,안산본오주공점,경기도 안산시 상록구 샘골로 1891층
경기도,안산고잔월드점,경기도 안산시 단원구 광덕대로 174 월드타운 1층
경기도,안산고잔롯데점,경기도 안산시 단원구 광덕대로 145 강희그랜드오피스텔 106호
경상북도,안동옥동센터점,경상북도 안동시 광명로 171-1 1층
경상북도,안동문화의거리점,경상북도 안동시 서동문로 184-1 1층
서울특별시,아차산점,서울시 광진구 천호대로129길 17 1층
충청남도,아산터미널점,충청남도 아산시 번영로 217 1층
충청남도,아산신용화점,충청남도 아산시 용화고길 55번길 21
충청남도,아산배방점,충청남도 아산시 배방읍 모산로 112
서울특별시,신촌역점,서울시 서대문구 연세로2길 6 1층
경기도,신중동역점,경기도 부천시 길주로 307 로얄프라자 107
서울특별시,신림역1호점,서울 관악구 신림동 1639-8 1층
경기도,시흥정왕옥구점,경기도 시흥시 정왕3동 1861-6
경기도,시흥정왕로데오점,경기도 시흥시 정왕동 1738-1 로즈프라자 1층
전라남도,순천중앙점,전라남도 순천시 중앙7길 2 1층
서울특별시,여의도시범상가점,서울특별시 영등포구 63로 45 시범상가 7동 13호
전라남도,여수여서점,전라남도 여수시 여서1로 76 1층 (여서동 226-2)
서울특별시,양재역점,서울시 강남구 남부순환로 2615 극동스타클래스 104호
서울특별시,압구정역점,강남구 신사동 압구정로 156
서울특별시,압구정로데오점,서울특별시 강남구 선릉로161길 25 1층
경기도,안양평촌학원가점,경기 안양시 동안구 평촌대로 130 신세기프라자 109호
경기도,안양역점,경기도 안양시 만안구 만안로 224 1층
경기도,안양비산점,안양시 동안구 비산동 관악대로 177
경기도,안양남부시장점,경기도 안양시 만안구 안양로 259 1층
경기도,안양관양타워점,경기도 안양시 동안구 관악대로287번길 33 1층
경기도,안양1번가점,경기도 안양시 만안구 장내로139번길 35 1층
서울특별시,안암역점,서울시 성북구 인촌로 99-7 1층
경기도,안성공도골드점,경기도 안성시 공도읍 공도로 132 골드일번가 113호
경기도,안산한대앞역점,경기도 안산시 상록구 광덕1로 369
경기도,안산초지풍림점,경기도 안산시 광덕1로 64 현대프라자 103호
경기도,안산중앙역점,경기도 안산시 단원구 중앙대로 907 안산종합상가 1동1117호
경기도,안산중앙역남부점,경기도 안산시 단원구 광덕4로 234 115호
경기도,안산원곡보성점,경기도 안산시 단원구 원초로 30 보성프라자 108-1호
경기도,수지구청점,경기도 용인시 수지구 풍덕천로 144-1 102호
경기도,용인처인중앙점,경기도 용인시 처인구 금령로 90번길 3-4 1층 (김량장동)
경기도,용인기흥구청점,경기도 용인시 관곡로64번길 18 모닝프라자 108
경기도,용인강남대점,경기도 용인시 기흥구 강남로 3 강남앤플러스 124호
서울특별시,용산문배점,서울시 용산구 백범로 90길 74
서울특별시,용산국방부점,서울특별시 용산구 이태원로 4길 14
서울특별시,외대역점,서울시 동대문구 휘경로 17
서울특별시,왕십리역점,서울시 성동구 왕십리로 320-1 한일빌딩 103
충청북도,오창호수공원점,충청북도 청주시 청원구 오창읍 중심상업1로 50 1층
경기도,오산역점,경기 오산시 대원로 14 명동빌딩
경기도,오산시청점,경기도 오산시 오산동 운암로 35  1층 104호
서울특별시,오금역점,서울시 송파구 오금로 306 가락스타클래스 111호
경상북도,영주하망동점,경상북도 영주시 영주로 231(하망동 345-30)
서울특별시,영등포신세계점,서울시 영등포구 영중로 5
서울특별시,연신내역점,서울시 은평구 연서로29길 6 1층
서울특별시,역삼테헤란로점,서울시 강남구 테헤란로10길 25 1층
서울특별시,역삼역GS점,서울시 강남구 봉은사로30길 73 1층
서울특별시,은평초교점,서울시 은평구 은평로 235 1층
서울특별시,월곡역점,서울시 성북구 화랑로 91 1층
서울특별시,원효용문시장점,서울특별시 용산구 새창로 132
강원도,원주중앙1호점,강원도 원주시 무실로12번길 31 1층
강원도,원주장미공원점,강원도 원주시 장미공원길 32 G2타워 101
강원도,원주단구GS점,강원도 원주시 남원로534번길 20 1층
전라북도,원광대점,전라북도 익산시 무왕로4길 4 1층
울산광역시,울산일산점,울산시 동구 일산진11길 23 1층
울산광역시,울산성남점,울산시 중구 젊음의거리 49 1층
울산광역시,울산삼산현대점,울산광역시 남구 돋질로 302번길 17
울산광역시,울산대학교점,울산시 남구 대학로 84 1층
울산광역시,울산공업탑점,울산시 남구 두왕로 324 1층
서울특별시,우장산역점,서울시 강서구 강서로 245 1층
경기도,용인죽전누리점,경기도 용인시 기흥구 죽전로 20 108호(보정동 누리애뜰상가)
인천광역시,인천굴포천역점,인천 부평구 길주로647번길 20 삼성프라자 101호
인천광역시,인천구월아시아점,인천광역시 남동구 인하로 607 모아프라자 106호
인천광역시,인천구월NC점,인천광역시 남동구 인하로 497-9 1층 101호(구월동 신현프라자)
인천광역시,인천구월CGV점,인천광역시 남동구 예술로 198 CGV 홈플러스 1층
인천광역시,인천간석올리브점,인천시 남동구 남동대로 875 1층
인천광역시,인천간석벽산점,인천시 남동구 호구포로 921 청산빌딩 101호
인천광역시,인천가좌한신점,인천시 서구 장고개로337번길 16 한신휴플러스상가 401-117
경상남도,인제대점,경상남도 김해시 인제로 187 1층
경기도,인덕원역우정점,경기도 안양시 동안구 관악대로 480 우정빌딩 104
전라북도,익산영등제일점,전라북도 익산시 고봉로30길 4 1층
경기도,이천로데오점,경기도 이천시 어재연로37번길 27 1층
경기도,의정부센트럴점,경기도 의정부시 시민로 80 센트럴타워 A-110호
경기도,의정부로데오점,경기도 의정부시 호국로1298번길 77 1층
경기도,의정민락위드점,경기도 의정부시 오목로205번길 22
경기도,의왕계원예대점,경기도 의왕시 계원대학로 40 1층
서울특별시,응암역이마트점,서울시 은평구 은평로 101 1층
서울특별시,을지로입구역점,서울시 중구 남대문로9길 10 1층
서울특별시,잠실신천점,서울시 송파구 백제고분로7길 45 1층
경기도,일산후곡9단지점,경기도 고양시 일산서구 일산로 559 성일빌딩1층
경기도,일산주엽역점,경기도 고양시 일산서구 강성로 121 일산삼회프라자 113
경기도,일산라페스타점,경기도 고양시 일산동구 무궁화로 31-2 풍성프라자 108
경기도,일산동구청점,경기도 고양시 일산동구 정발산로 38 이스턴시티 122호
인천광역시,인하대점,인천광역시 인하로77번길 29
인천광역시,인천청라진영점,인천시 서구 청라라임로 71 진영메디피아 1층
인천광역시,인천차이나타운점,인천시 중구 차이나타운로 24-2 1층
인천광역시,인천연수점,인천광역시 연수구 먼우금로188번길 12
인천광역시,인천신포시장점,인천광역시 중구 신포동 64-3
인천광역시,인천신기시장점,인천시 남구 인하로 259 1층
인천광역시,인천송도점,인천광역시 연수구 컨벤시아대로 81 드림시티 1층
인천광역시,인천서창e편한점,인천시 남동구 서창남로 50 1층
인천광역시,인천모래내시장점,인천광역시 남동구 구월로 268 1층 103호
인천광역시,인천만수1호점,인천광역시 남동구 만수동 72-30(만수로 59 1층)
인천광역시,인천라피에스타점,인천시 남동구 논고개로 61 라피에스타 168호
인천광역시,인천동암역북부점,인천광역시 부평구 열우물로 39 1층
인천광역시,인천논현점,인천광역시 남동구 논고개로 93 1층 109호(논현동 보미리즌텔)
인천광역시,인천논현역2호점,인천시 남동구 논고개로123번길 17 아이플렉스 134-1호
인천광역시,인천남동초교점,인천시 남동구 장승남로 41 101호
광주광역시,조선대후문점,광주광역시 동구 필문대로273번길 8 1층
충청북도,제천중앙로점,충청북도 제천시 의림대로14길 2 1층
제주도,제주중앙여고점,제주특별자치도 제주시 남광로2길 43-13
제주도,제주성산일출봉점,제주도 서귀포시 성산읍 일출로 280-4 1층
제주도,제주서귀포시청점,제주특별자치도 서귀포시 중앙로 109. 1층
제주도,제주삼화부영점,제주도 제주시 화삼북로 135 1층
제주도,제주대학로점,제주도 제주시 광양8길 12-1 1층
제주도,제주노형뜨란채점,제주도 제주시 노형동 수덕로 35
경기도,정왕역점,경기도 시흥시 마유로 418번길 10 104호
서울특별시,정릉시장점,서울특별시 성북구 보국문로 50 1층
전라북도,전주혁신1호점,전라북도 전주시 덕진구 기지로 77 302동 1층 B-129호(장동 대방디엠시티판매시설)
전라북도,전주서신롯데점,전라북도 전주시 완산구 새터로 122-23 1층
전라북도,전주객사1호점,전라북도 전주시 완산구 전주객사5길 44-6 1층
전라북도,전북도청타운점,전라북도 전주시 완산구 홍산중앙로 33 O&J빌딩 102
전라북도,전북대1호점,전라북도 전주시 덕진구 권삼득로 301 1층
광주광역시,전남대후문점,광주시 북구 우치로90번길 16 1층
서울특별시,장한평역점,서울시 동대문구 천호대로85길 7 1층
서울특별시,잠실장미상가점,서울시 송파구 올림픽로35길 104 잠미종합상가 A상가 110호
서울특별시,잠실역지하도점,서울시 송파구 올림픽로 265 잠실역지하쇼핑센터 B-12호
충청남도,천안쌍용월봉점,충청남도 천안시 서북구 월봉로 84 월봉메디컬빌딩 105호
충청남도,천안신부점,충남 천안시 동남구 먹거리 11길 40
충청남도,천안두정중앙점,충청남도 천안시 서북구 두정로 166 1층
충청남도,천안구성점,충청남도 천안시 동남구 충절로 292 1층
경상남도,창원합성1호점,경상남도 창원시 마산회원구 합성동 265-13(합성남7길6 백양빌딩1층)
경상남도,창원시티세븐점,경상남도 창원시 의창구 원이대로 320 씨티세븐 상가 1층 G-130호
경상남도,창원상남시장점,경상남도 창원시 성산구 마디미로 39 1층
경상남도,창원삼계사거리점,경상남도 창원시 마산회원구 내서읍 경남대로 913 리오빌딩
경상남도,창원메트로시티점,경상남도 창원시 마산회원구 삼호로 80 메트로시티상가 B동 1층
경상남도,진주로데오점,경상남도 진주시 촉석로186번길 6 1층
경상남도,진주경상대1호점,경상남도 진주시 진주대로 516번길 6-1 1층/2층(103호/ 201호)
서울특별시,중랑역동부시장점,서울시 중랑구 망우로32길 14 1층
서울특별시,중계은행사거리점,서울시 노원구 한글비석로 235 1층
인천광역시,주안역점,인천 미추홀구 주안로 100 1층
서울특별시,종암사거리점,서울시 성북구 종암로 132 우림카이저팰리스 상가 111호
서울특별시,종로숭인1호점,서울시 종로구 종로 387 1층
서울특별시,종로관철점,서울시 종로구 종로10길 211층
경기도,평택이충점,경기도 평택시 이충로35번길 22 뜨란프라자 102호
경기도,평택소사벌1호점,경기도 평택시 평남로 929 1층 107호(비전동우리타워)
경기도,평택로데오점,경기도 평택시 평택2로 10번길 34 (평택동)
경기도,평촌역금강점,경기도 안양시 동안구 시민대로 311 금강스마트빌딩 1층
경기도,평촌CGV점,경기도 안양시 동안구 관평로170번길 33 1층
경기도,평내호평역점,경기도 남양주시 늘을2로 32 호평프라자 113호
경기도,판교유스페이스점,경기도 성남시 분당구 대왕판교로 660 유스페이스 1층 134호
경기도,파주금릉역점,경기도 파주시 금빛로 24 1층 우평프라자 105호
경상남도,통영시립도서관점,경상남도 통영시 무전3길 14
제주도,탐라도서관점,제주도 제주시  노형6길 27 1층
충청북도,충북대중문점,충청북도 청주시 서원구 내수동로 101 1~2층
대전광역시,충남대후문점,대전시 유성구 궁동로18번길 37
강원도,춘천석사CGV점,강원도 춘천시 지석로 85 강남프라자 101호
강원도,춘천명동CGV점,강원도 춘천시 중앙로67번길 18 브란운5번가 1105호
충청북도,청주중앙공원점,충청북도 청주시 상당구 상당로59번길 13 1층
서울특별시,천호역롯데점,서울시 강동구 천호옛길 94 1층
서울특별시,천호역로데오점,서울시 강동구 올림픽로70길 57 1층
경기도,화정역점,경기도 고양시 덕양구 화신로272번길 58 1층 107호
경기도,화성삼성점,경기도 화성시 효행로 1289 일동 1층 일부호(반월동)
경기도,화성병점점,경기도 화성시 효행로 1028 섬성프라자 1층
서울특별시,홍제삼거리점,서울시 서대문구 통일로 426 1층
충청남도,홍성로데오점,충청남도 홍성군 홍성읍 아문길29번길 56 (오관리) 1층
서울특별시,홍대입구점,서울특별시 마포구 와우산로23길 44 1층
서울특별시,홍대극동방송국점,서울시 마포구 와우산로13길 2 1층
부산광역시,해운대역리베라점,부산광역시 해운대구 구남로29번길 32
서울특별시,한티역점,서울시 강남구 도곡로 405 1층
서울특별시,한양대점,서울시 성동구 마조로 21 1층
경상북도,포항죽도시장점,경상북도 포항시 중앙로 256-3
경기도,포천송우중앙점,경기 포천시 소흘읍 송우로 80 황금프라자  1층
경기도,시흥거모점,경기도 시흥시 군자로 517-1
서울특별시,등촌성당점,서울특별시 강서구 공항대로41길 51 세신그린코아 101호
서울특별시,남대문시장점,서울시 중구 퇴계로 37
경기도,시흥대야롯데점,경기도 시흥시 비둘기공원7길 51
대구광역시,대구침산점,대구광역시 북구 침산로 168
충청북도,청주성안롯데점,충청북도 청주시 상당구 성안로 13 씨유멀티플렉스 1004호
제주도,제주제원점,제주도 제주시 신광로 56
충청남도,천안성정롯데점,충청남도 천안시 서부3길 77
세종특별자치시,세종시정부청사점,세종특별자치시 도움8로 11-11
경기도,파주교하중앙점,경기도 파주시 청석로 262
서울특별시,마곡역GMG점,강서구 마곡중앙6로 16 마곡지엠지타워 1층
서울특별시,서울숲역점,서울 성동구 왕십리로 100
충청북도,청주가경골드점,충청북도 청주시 흥덕구 가경로 9-22 골드프라자 108호
충청남도,당진문예의전당점,충청남도 당진시 시청1로 77 1층
서울특별시,명지대점,서울특별시 서대문구 거북골로 19
서울특별시,면목역점,서울시 중랑구 겸재로 178 1층
경기도,광주태전점,경기도 광주시 고불로 56
서울특별시,고속터미널지하점,서울시 서초구 신반포로 188 고속터미널 지하 5호매장
대전광역시,대전관저중앙점,대전광역시 서구 관저로 157
대전광역시,대전중앙로지하점,대전시 중구 중앙로 지하145 중앙로지하상가 C구역 가열 14호
경기도,야탑역대덕점,경기도 성남시 분당구 성남대로926번길 6 1층
전라남도,여수여천점,전라남도 여수시 망마로 47
인천광역시,인천옥련점,인천광역시 연수구 독배로 35 106호
경상남도,통영터미널점,경상남도 통영시 광도면 죽림4로 37-11 1층
서울특별시,망원시장점,서울특별시 마포구 월드컵로13길 34
경기도,수원역전시장점,경기도 수원시 팔달구 덕영대로 931-1 1층
경기도,화성수원대점,경기 화성시 봉담읍 와우로 108
경기도,시흥월곶점,경기도 시흥시 월곶동 1014-3 101호
경기도,남양주덕소점,경기도 남양주시 와부읍 덕소로 88 1층
경상남도,양산터미널점,경상남도 양산시 양산역4길 7 트윈타워 104
전라북도,군산수송점,전라북도 군산시 동수송안길 21 1층
대전광역시,대전역점,대전시 동구 대전로815번길 3 1층
경기도,분당미금역천사점,경기도 성남시 분당구 성남대로 165 천사의도시오피스텔 1층 110호
울산광역시,울산남목초교점,울산시 동구 동해안로 28 1층
경기도,용인동백쥬네브점,경기도 용인시 기흥구 동백중앙로 283 골드프라자 D121호
서울특별시,신림역2호점,서울시 관악구 신림동 1641-12
서울특별시,청량리역점,서울시 동대문구 왕산로 209 1층
서울특별시,총신대입구역점,서울시 서초구 동작대로 128 1층
