Index,Title
1,더 퍼스트 슬램덩크
2,아바타: 물의 길
3,교섭
4,영웅
5,유령
6,젠틀맨
7,올빼미
8,스위치
9,10일간의 애인
10,강남좀비
11,장화신은 고양이: 끝내주는 모험
12,"오늘 밤, 세계에서 이 사랑이 사라진다 해도"
13,문맨
14,3000년의 기다림
15,메간
16,라일 라일 크로커다일
17,별 볼일 없는 인생
18,솔캠
19,상견니
20,유랑의 달
21,더 메뉴
22,프린스 챠밍
23,바빌론
24,에브리씽 에브리웨어 올 앳 원스
25,앤트맨과 와스프: 퀀텀매니아
26,극장판 카케구루이
27,늑대사냥
28,헤어질 결심
29,캐리와 슈퍼콜라
30,해시태그 시그네
31,타이타닉: 25주년
32,시간을 꿈꾸는 소녀
33,압꾸정
34,살수
35,공조2: 인터내셔날
36,겨울 이야기
37,신비아파트 극장판 차원도깨비와 7개의 세계
38,천룡팔부: 교봉전
39,패닉 런
40,세자매
41,신비한 동물들과 덤블도어의 비밀
42,마루이 비디오
43,헌트
44,인생은 아름다워
45,오펜하이머
46,나는 마을 방과후 교사입니다
47,서치 2
48,극장판 파워레인저 캡틴포스: 지구를 위한 싸움
49,스즈메의 문단속
50,니 부모 얼굴이 보고 싶다
